-0.982006,2.13333,2.81264 , 2.81271 , 0.002616
-0.982006,2.4,2.07213 , 2.07208 , -0.00248859
-0.982006,2.66667,1.65703 , 1.65684 , -0.011271
-0.982006,2.93333,1.36473 , 1.36482 , 0.00666525
-0.982006,3.2,1.18461 , 1.1852 , 0.0498331
-0.982006,3.46667,1.10121 , 1.10191 , 0.0640269
-0.982006,3.73333,1.06387 , 1.06426 , 0.0365095
-0.982006,4,0.977989 , 0.977996 , 0.000768839
-0.982006,4.26667,0.794519 , 0.794315 , -0.0257215
-0.982006,4.53333,0.580885 , 0.580632 , -0.0435747
-0.982006,4.8,0.436167 , 0.435937 , -0.0527547
-0.982006,5.06667,0.396223 , 0.396023 , -0.0505679
-0.982006,5.33333,0.42776 , 0.427576 , -0.0430259
-0.982006,5.6,0.473737 , 0.47356 , -0.0373171
-0.982006,5.86667,0.491973 , 0.491804 , -0.0344052
-0.982006,6.13333,0.46756 , 0.467404 , -0.0333452
-0.982006,6.4,0.406997 , 0.406861 , -0.0333908
-0.982006,6.66667,0.326791 , 0.32668 , -0.0340651
-0.982006,6.93333,0.244157 , 0.244072 , -0.034879
-0.982006,7.2,0.172014 , 0.171954 , -0.0349106
-0.982006,7.46667,0.117562 , 0.117525 , -0.0321404
-0.982006,7.73333,0.0829753 , 0.082956 , -0.0232284
-0.982006,8,0.0669007 , 0.0668959 , -0.00708436
-0.982006,8.26667,0.066007 , 0.066013 , 0.00916484
-0.982006,8.53333,0.0762071 , 0.0762207 , 0.0178086
-0.982006,8.8,0.0934782 , 0.0934966 , 0.0196855
-0.982006,9.06667,0.114324 , 0.114345 , 0.0184702
-0.982006,9.33333,0.135973 , 0.135995 , 0.0163539
-0.982006,9.6,0.156405 , 0.156427 , 0.0142004
-0.982006,9.86667,0.174283 , 0.174304 , 0.0122776
-0.969845,2.13333,2.76508 , 2.76516 , 0.0026165
-0.969845,2.4,2.08723 , 2.08714 , -0.00423732
-0.969845,2.66667,1.68173 , 1.68151 , -0.0130495
-0.969845,2.93333,1.40093 , 1.40115 , 0.0160543
-0.969845,3.2,1.2143 , 1.21518 , 0.0726184
-0.969845,3.46667,1.1013 , 1.10223 , 0.0846176
-0.969845,3.73333,1.02783 , 1.02824 , 0.0395367
-0.969845,4,0.915906 , 0.915769 , -0.0149601
-0.969845,4.26667,0.732162 , 0.731771 , -0.0534641
-0.969845,4.53333,0.54447 , 0.544066 , -0.0743316
-0.969845,4.8,0.435311 , 0.434979 , -0.076379
-0.969845,5.06667,0.42222 , 0.421945 , -0.0649781
-0.969845,5.33333,0.463606 , 0.463352 , -0.0547454
-0.969845,5.6,0.504535 , 0.504279 , -0.0506174
-0.969845,5.86667,0.509859 , 0.509601 , -0.0505612
-0.969845,6.13333,0.471565 , 0.471317 , -0.0526393
-0.969845,6.4,0.400513 , 0.400289 , -0.0558614
-0.969845,6.66667,0.314829 , 0.314641 , -0.0595721
-0.969845,6.93333,0.231419 , 0.231274 , -0.0627645
-0.969845,7.2,0.161935 , 0.161832 , -0.0630938
-0.969845,7.46667,0.112085 , 0.112023 , -0.0555619
-0.969845,7.73333,0.0827461 , 0.0827181 , -0.0337496
-0.969845,8,0.0716272 , 0.0716271 , -0.000165688
-0.969845,8.26667,0.0748311 , 0.0748522 , 0.028218
-0.969845,8.53333,0.0880121 , 0.0880484 , 0.0412881
-0.969845,8.8,0.107109 , 0.107155 , 0.0433284
-0.969845,9.06667,0.128725 , 0.128777 , 0.0406145
-0.969845,9.33333,0.150261 , 0.150316 , 0.0365237
-0.969845,9.6,0.169897 , 0.169952 , 0.0323941
-0.969845,9.86667,0.186491 , 0.186544 , 0.0286606
-0.957683,2.13333,2.71909 , 2.71915 , 0.00232617
-0.957683,2.4,2.0955 , 2.09538 , -0.00554795
-0.957683,2.66667,1.69973 , 1.69951 , -0.0127432
-0.957683,2.93333,1.4246 , 1.42497 , 0.0261537
-0.957683,3.2,1.22664 , 1.22774 , 0.0903884
-0.957683,3.46667,1.08966 , 1.0907 , 0.0956616
-0.957683,3.73333,0.991284 , 0.991612 , 0.0331135
-0.957683,4,0.863471 , 0.863154 , -0.036696
-0.957683,4.26667,0.685434 , 0.684876 , -0.0813655
-0.957683,4.53333,0.524248 , 0.523745 , -0.0959791
-0.957683,4.8,0.446594 , 0.446223 , -0.0830414
-0.957683,5.06667,0.454154 , 0.453868 , -0.0630061
-0.957683,5.33333,0.499642 , 0.499373 , -0.0538042
-0.957683,5.6,0.531763 , 0.531475 , -0.0542357
-0.957683,5.86667,0.522695 , 0.522386 , -0.0592602
-0.957683,6.13333,0.47081 , 0.470498 , -0.0662786
-0.957683,6.4,0.390544 , 0.390255 , -0.0742171
-0.957683,6.66667,0.300943 , 0.300695 , -0.0822306
-0.957683,6.93333,0.218132 , 0.217939 , -0.0885143
-0.957683,7.2,0.152264 , 0.152129 , -0.0885739
-0.957683,7.46667,0.107503 , 0.107424 , -0.0736375
-0.957683,7.73333,0.0834844 , 0.0834544 , -0.0359333
-0.957683,8,0.0770879 , 0.0770986 , 0.0137916
-0.957683,8.26667,0.0839668 , 0.084009 , 0.0503082
-0.957683,8.53333,0.0996199 , 0.0996852 , 0.0655683
-0.957683,8.8,0.120028 , 0.120109 , 0.0673887
-0.957683,9.06667,0.141949 , 0.142039 , 0.063536
-0.957683,9.33333,0.16299 , 0.163085 , 0.0579797
-0.957683,9.6,0.181545 , 0.18164 , 0.0523289
-0.957683,9.86667,0.196668 , 0.196761 , 0.0471414
-0.945521,2.13333,2.67818 , 2.67823 , 0.0018211
-0.945521,2.4,2.10018 , 2.10005 , -0.00631454
-0.945521,2.66667,1.71367 , 1.71349 , -0.0107494
-0.945521,2.93333,1.43971 , 1.44022 , 0.0357291
-0.945521,3.2,1.22959 , 1.23084 , 0.102146
-0.945521,3.46667,1.07628 , 1.07733 , 0.0974505
-0.945521,3.73333,0.96265 , 0.962844 , 0.0201945
-0.945521,4,0.825716 , 0.825233 , -0.0584915
-0.945521,4.26667,0.655572 , 0.654906 , -0.101582
-0.945521,4.53333,0.518212 , 0.517679 , -0.102749
-0.945521,4.8,0.466095 , 0.465747 , -0.0747239
-0.945521,5.06667,0.487799 , 0.487549 , -0.051254
-0.945521,5.33333,0.532578 , 0.532331 , -0.0462541
-0.945521,5.6,0.553644 , 0.553353 , -0.0524394
-0.945521,5.86667,0.530177 , 0.529843 , -0.0630614
-0.945521,6.13333,0.466062 , 0.465711 , -0.0753521
-0.945521,6.4,0.378428 , 0.378094 , -0.088262
-0.945521,6.66667,0.286612 , 0.286324 , -0.10067
-0.945521,6.93333,0.20564 , 0.205415 , -0.109655
-0.945521,7.2,0.144082 , 0.143926 , -0.108038
-0.945521,7.46667,0.104624 , 0.104537 , -0.0836071
-0.945521,7.73333,0.0857896 , 0.0857632 , -0.0308066
-0.945521,8,0.0837659 , 0.0837905 , 0.0293566
-0.945521,8.26667,0.0938756 , 0.0939403 , 0.0688945
-0.945521,8.53333,0.11155 , 0.111644 , 0.0844553
-0.945521,8.8,0.132868 , 0.132983 , 0.0860422
-0.945521,9.06667,0.154774 , 0.154901 , 0.0817188
-0.945521,9.33333,0.175091 , 0.175224 , 0.0755151
-0.945521,9.6,0.192425 , 0.192558 , 0.0691175
-0.945521,9.86667,0.206016 , 0.206146 , 0.0631509
-0.933359,2.13333,2.64366 , 2.64369 , 0.0011619
-0.933359,2.4,2.10288 , 2.10274 , -0.00656529
-0.933359,2.66667,1.72468 , 1.72455 , -0.00761704
-0.933359,2.93333,1.44884 , 1.44948 , 0.0439362
-0.933359,3.2,1.22835 , 1.22968 , 0.107932
-0.933359,3.46667,1.06621 , 1.0672 , 0.0919957
-0.933359,3.73333,0.94414 , 0.944189 , 0.0052089
-0.933359,4,0.801649 , 0.801051 , -0.0746763
-0.933359,4.26667,0.6392 , 0.638498 , -0.109835
-0.933359,4.53333,0.521708 , 0.521205 , -0.0965439
-0.933359,4.8,0.488978 , 0.488683 , -0.0603016
-0.933359,5.06667,0.51896 , 0.518754 , -0.0396449
-0.933359,5.33333,0.559282 , 0.559055 , -0.0406608
-0.933359,5.6,0.568137 , 0.567839 , -0.0524256
-0.933359,5.86667,0.531153 , 0.530792 , -0.0679811
-0.933359,6.13333,0.456778 , 0.45639 , -0.0848226
-0.933359,6.4,0.363984 , 0.363613 , -0.101954
-0.933359,6.66667,0.271848 , 0.271528 , -0.117792
-0.933359,6.93333,0.194048 , 0.1938 , -0.127886
-0.933359,7.2,0.137546 , 0.137378 , -0.122054
-0.933359,7.46667,0.103646 , 0.103556 , -0.0862096
-0.933359,7.73333,0.0898972 , 0.0898782 , -0.0211687
-0.933359,8,0.0919356 , 0.0919754 , 0.0432094
-0.933359,8.26667,0.104866 , 0.104952 , 0.0818637
-0.933359,8.53333,0.124135 , 0.124255 , 0.0964892
-0.933359,8.8,0.145971 , 0.146114 , 0.097834
-0.933359,9.06667,0.167534 , 0.167691 , 0.093494
-0.933359,9.33333,0.186873 , 0.187036 , 0.0872375
-0.933359,9.6,0.202804 , 0.202968 , 0.0806946
-0.933359,9.86667,0.21475 , 0.21491 , 0.0745068
-0.921198,2.13333,2.61566 , 2.61567 , 0.000392809
-0.921198,2.4,2.10441 , 2.10428 , -0.00641239
-0.921198,2.66667,1.73328 , 1.73322 , -0.00391502
-0.921198,2.93333,1.45389 , 1.45462 , 0.0502803
-0.921198,3.2,1.22628 , 1.22761 , 0.108508
-0.921198,3.46667,1.06144 , 1.06231 , 0.0822021
-0.921198,3.73333,0.934807 , 0.934736 , -0.00762699
-0.921198,4,0.787986 , 0.78734 , -0.0819169
-0.921198,4.26667,0.631931 , 0.631258 , -0.106501
-0.921198,4.53333,0.530335 , 0.529889 , -0.0840442
-0.921198,4.8,0.511578 , 0.511325 , -0.049496
-0.921198,5.06667,0.545074 , 0.544872 , -0.0369297
-0.921198,5.33333,0.578279 , 0.57802 , -0.0447716
-0.921198,5.6,0.574617 , 0.574264 , -0.0613703
-0.921198,5.86667,0.525534 , 0.52511 , -0.0807638
-0.921198,6.13333,0.443143 , 0.442696 , -0.100997
-0.921198,6.4,0.347495 , 0.347074 , -0.121033
-0.921198,6.66667,0.25694 , 0.256584 , -0.138449
-0.921198,6.93333,0.183623 , 0.183354 , -0.14664
-0.921198,7.2,0.132905 , 0.132729 , -0.132348
-0.921198,7.46667,0.104812 , 0.104725 , -0.0824953
-0.921198,7.73333,0.0960619 , 0.0960542 , -0.0079876
-0.921198,8,0.101869 , 0.101926 , 0.0561792
-0.921198,8.26667,0.117228 , 0.117335 , 0.0916801
-0.921198,8.53333,0.137675 , 0.137819 , 0.104497
-0.921198,8.8,0.159639 , 0.159807 , 0.105277
-0.921198,9.06667,0.18052 , 0.180702 , 0.100864
-0.921198,9.33333,0.198607 , 0.198795 , 0.0946407
-0.921198,9.6,0.212927 , 0.213115 , 0.0881085
-0.921198,9.86667,0.223078 , 0.223261 , 0.0818845
-0.909036,2.13333,2.59372 , 2.5937 , -0.000455142
-0.909036,2.4,2.10524 , 2.10511 , -0.0060056
-0.909036,2.66667,1.73984 , 1.73983 , -0.000147176
-0.909036,2.93333,1.45642 , 1.45721 , 0.0545498
-0.909036,3.2,1.2254 , 1.22669 , 0.10504
-0.909036,3.46667,1.06207 , 1.06283 , 0.0709763
-0.909036,3.73333,0.932324 , 0.93218 , -0.0155275
-0.909036,4,0.781065 , 0.780442 , -0.0797528
-0.909036,4.26667,0.629974 , 0.629374 , -0.0952136
-0.909036,4.53333,0.54098 , 0.540586 , -0.0727497
-0.909036,4.8,0.531896 , 0.531632 , -0.0496295
-0.909036,5.06667,0.565319 , 0.565042 , -0.0490142
-0.909036,5.33333,0.589714 , 0.589337 , -0.0640424
-0.909036,5.6,0.573842 , 0.573356 , -0.0847586
-0.909036,5.86667,0.514348 , 0.513798 , -0.106993
-0.909036,6.13333,0.426194 , 0.425642 , -0.129434
-0.909036,6.4,0.329859 , 0.329362 , -0.150709
-0.909036,6.66667,0.242595 , 0.24219 , -0.166867
-0.909036,6.93333,0.174888 , 0.174594 , -0.16827
-0.909036,7.2,0.130532 , 0.13035 , -0.139171
-0.909036,7.46667,0.108391 , 0.108313 , -0.0719304
-0.909036,7.73333,0.104488 , 0.104499 , 0.0101413
-0.909036,8,0.113737 , 0.113819 , 0.0717093
-0.909036,8.26667,0.131118 , 0.131253 , 0.102957
-0.909036,8.53333,0.152326 , 0.152498 , 0.113226
-0.909036,8.8,0.174031 , 0.174227 , 0.112795
-0.909036,9.06667,0.193896 , 0.194105 , 0.107788
-0.909036,9.33333,0.210459 , 0.210672 , 0.101206
-0.909036,9.6,0.222959 , 0.223169 , 0.0944002
-0.909036,9.86667,0.231162 , 0.231365 , 0.087935
-0.896874,2.13333,2.57713 , 2.5771 , -0.00135921
-0.896874,2.4,2.10568 , 2.10557 , -0.00549612
-0.896874,2.66667,1.7447 , 1.74476 , 0.00329193
-0.896874,2.93333,1.45768 , 1.4585 , 0.0567478
-0.896874,3.2,1.22677 , 1.22798 , 0.0988063
-0.896874,3.46667,1.06718 , 1.06783 , 0.0605762
-0.896874,3.73333,0.934038 , 0.933875 , -0.0174895
-0.896874,4,0.777786 , 0.777242 , -0.0698911
-0.896874,4.26667,0.630703 , 0.630193 , -0.0807558
-0.896874,4.53333,0.55197 , 0.551592 , -0.0685149
-0.896874,4.8,0.549381 , 0.549026 , -0.0646713
-0.896874,5.06667,0.580182 , 0.579726 , -0.0785559
-0.896874,5.33333,0.59482 , 0.594219 , -0.101032
-0.896874,5.6,0.567423 , 0.566711 , -0.12548
-0.896874,5.86667,0.499251 , 0.498503 , -0.149895
-0.896874,6.13333,0.407406 , 0.4067 , -0.173456
-0.896874,6.4,0.312255 , 0.31165 , -0.193871
-0.896874,6.66667,0.229669 , 0.229199 , -0.204604
-0.896874,6.93333,0.168404 , 0.168081 , -0.192152
-0.896874,7.2,0.130753 , 0.13057 , -0.140436
-0.896874,7.46667,0.114539 , 0.114479 , -0.0528963
-0.896874,7.73333,0.115217 , 0.115258 , 0.0351543
-0.896874,8,0.127514 , 0.127633 , 0.0930138
-0.896874,8.26667,0.14648 , 0.146655 , 0.119581
-0.896874,8.53333,0.168023 , 0.168235 , 0.126728
-0.896874,8.8,0.189089 , 0.189324 , 0.124374
-0.896874,9.06667,0.20762 , 0.207865 , 0.118078
-0.896874,9.33333,0.222406 , 0.222652 , 0.11053
-0.896874,9.6,0.232896 , 0.233135 , 0.102939
-0.896874,9.86667,0.239018 , 0.239247 , 0.0958061
-0.884712,2.13333,2.56519 , 2.56513 , -0.00230009
-0.884712,2.4,2.10602 , 2.10592 , -0.00501254
-0.884712,2.66667,1.74831 , 1.74842 , 0.00613126
-0.884712,2.93333,1.4587 , 1.45954 , 0.0570297
-0.884712,3.2,1.23074 , 1.23186 , 0.0909849
-0.884712,3.46667,1.07535 , 1.07591 , 0.0523382
-0.884712,3.73333,0.937574 , 0.937443 , -0.0139692
-0.884712,4,0.775976 , 0.775548 , -0.0551035
-0.884712,4.26667,0.6327 , 0.632273 , -0.0674903
-0.884712,4.53333,0.562808 , 0.562388 , -0.0746141
-0.884712,4.8,0.564463 , 0.563926 , -0.0952533
-0.884712,5.06667,0.590874 , 0.590135 , -0.125002
-0.884712,5.33333,0.595311 , 0.594387 , -0.155204
-0.884712,5.6,0.557249 , 0.556228 , -0.183384
-0.884712,5.86667,0.482029 , 0.481019 , -0.209646
-0.884712,6.13333,0.388274 , 0.387368 , -0.233209
-0.884712,6.4,0.295803 , 0.295064 , -0.249944
-0.884712,6.66667,0.218903 , 0.218357 , -0.24946
-0.884712,6.93333,0.164583 , 0.16423 , -0.214404
-0.884712,7.2,0.133717 , 0.133539 , -0.132898
-0.884712,7.46667,0.123213 , 0.123182 , -0.0244887
-0.884712,7.73333,0.128081 , 0.128167 , 0.0675235
-0.884712,8,0.14296 , 0.143134 , 0.12114
-0.884712,8.26667,0.163041 , 0.163274 , 0.143022
-0.884712,8.53333,0.184491 , 0.184761 , 0.146783
-0.884712,8.8,0.204553 , 0.204843 , 0.142028
-0.884712,9.06667,0.221458 , 0.221754 , 0.133904
-0.884712,9.33333,0.234245 , 0.234538 , 0.124871
-0.884712,9.6,0.242568 , 0.242849 , 0.116022
-0.884712,9.86667,0.246506 , 0.246772 , 0.107802
-0.872551,2.13333,2.55721 , 2.55712 , -0.00325834
-0.872551,2.4,2.10651 , 2.10642 , -0.00464797
-0.872551,2.66667,1.75112 , 1.75126 , 0.0082185
-0.872551,2.93333,1.46028 , 1.46109 , 0.0556506
-0.872551,3.2,1.23716 , 1.23818 , 0.0825243
-0.872551,3.46667,1.08507 , 1.08557 , 0.04673
-0.872551,3.73333,0.941141 , 0.941082 , -0.00629499
-0.872551,4,0.774439 , 0.774143 , -0.0383183
-0.872551,4.26667,0.635538 , 0.635166 , -0.05855
-0.872551,4.53333,0.573775 , 0.57325 , -0.0916625
-0.872551,4.8,0.578063 , 0.577259 , -0.139076
-0.872551,5.06667,0.598823 , 0.597716 , -0.184943
-0.872551,5.33333,0.592902 , 0.591579 , -0.22312
-0.872551,5.6,0.545069 , 0.543677 , -0.255296
-0.872551,5.86667,0.464237 , 0.462922 , -0.283211
-0.872551,6.13333,0.370024 , 0.368894 , -0.305368
-0.872551,6.4,0.281349 , 0.280463 , -0.314613
-0.872551,6.66667,0.210777 , 0.210154 , -0.295714
-0.872551,6.93333,0.163589 , 0.163214 , -0.22937
-0.872551,7.2,0.139347 , 0.139187 , -0.114313
-0.872551,7.46667,0.134166 , 0.134182 , 0.012198
-0.872551,7.73333,0.142726 , 0.142877 , 0.105592
-0.872551,8,0.159667 , 0.159914 , 0.154689
-0.872551,8.26667,0.180375 , 0.180686 , 0.172197
-0.872551,8.53333,0.20131 , 0.201658 , 0.172693
-0.872551,8.8,0.220029 , 0.220393 , 0.165452
-0.872551,9.06667,0.23505 , 0.235415 , 0.155309
-0.872551,9.33333,0.245657 , 0.246012 , 0.144556
-0.872551,9.6,0.251695 , 0.252033 , 0.134209
-0.872551,9.86667,0.253387 , 0.253703 , 0.124667
-0.860389,2.13333,2.55263 , 2.55252 , -0.00421256
-0.860389,2.4,2.10742 , 2.10732 , -0.00445627
-0.860389,2.66667,1.75362 , 1.75378 , 0.00950423
-0.860389,2.93333,1.46295 , 1.46373 , 0.0529225
-0.860389,3.2,1.24559 , 1.24652 , 0.0740975
-0.860389,3.46667,1.095 , 1.09547 , 0.0435822
-0.860389,3.73333,0.943638 , 0.943675 , 0.00387437
-0.860389,4,0.772822 , 0.772651 , -0.0220709
-0.860389,4.26667,0.639463 , 0.639108 , -0.0555704
-0.860389,4.53333,0.585531 , 0.58484 , -0.117973
-0.860389,4.8,0.591183 , 0.59005 , -0.191623
-0.860389,5.06667,0.605309 , 0.603778 , -0.252839
-0.860389,5.33333,0.589005 , 0.587243 , -0.299094
-0.860389,5.6,0.532237 , 0.530451 , -0.335574
-0.860389,5.86667,0.447019 , 0.445388 , -0.364824
-0.860389,6.13333,0.353489 , 0.352133 , -0.383623
-0.860389,6.4,0.269387 , 0.268362 , -0.380617
-0.860389,6.66667,0.205473 , 0.204783 , -0.335756
-0.860389,6.93333,0.165348 , 0.164964 , -0.23209
-0.860389,7.2,0.147375 , 0.14725 , -0.0849308
-0.860389,7.46667,0.147003 , 0.147082 , 0.0541336
-0.860389,7.73333,0.158684 , 0.158916 , 0.146159
-0.860389,8,0.177134 , 0.177471 , 0.190634
-0.860389,8.26667,0.197983 , 0.198388 , 0.204304
-0.860389,8.53333,0.218006 , 0.218446 , 0.201988
-0.860389,8.8,0.235076 , 0.235528 , 0.192557
-0.860389,9.06667,0.247997 , 0.248444 , 0.180572
-0.860389,9.33333,0.256286 , 0.256717 , 0.168202
-0.860389,9.6,0.259966 , 0.260373 , 0.156406
-0.860389,9.86667,0.25939 , 0.259768 , 0.14556
-0.848227,2.13333,2.551 , 2.55087 , -0.0051391
-0.848227,2.4,2.10898 , 2.10889 , -0.00445463
-0.848227,2.66667,1.75626 , 1.75644 , 0.0100207
-0.848227,2.93333,1.46704 , 1.46776 , 0.0491779
-0.848227,3.2,1.25544 , 1.25627 , 0.0661175
-0.848227,3.46667,1.10411 , 1.10458 , 0.0423591
-0.848227,3.73333,0.944619 , 0.94476 , 0.0149232
-0.848227,4,0.771392 , 0.771328 , -0.00824536
-0.848227,4.26667,0.64508 , 0.644701 , -0.0587399
-0.848227,4.53333,0.598788 , 0.597889 , -0.150203
-0.848227,4.8,0.604636 , 0.603142 , -0.247161
-0.848227,5.06667,0.611251 , 0.609282 , -0.322105
-0.848227,5.33333,0.58458 , 0.58238 , -0.376261
-0.848227,5.6,0.519636 , 0.517469 , -0.417151
-0.848227,5.86667,0.431067 , 0.42914 , -0.447056
-0.848227,6.13333,0.339108 , 0.337549 , -0.459932
-0.848227,6.4,0.260089 , 0.258946 , -0.439473
-0.848227,6.66667,0.20292 , 0.202184 , -0.362504
-0.848227,6.93333,0.1696 , 0.169227 , -0.220323
-0.848227,7.2,0.15741 , 0.157336 , -0.0475042
-0.848227,7.46667,0.161251 , 0.161408 , 0.0973064
-0.848227,7.73333,0.175447 , 0.175773 , 0.185498
-0.848227,8,0.194851 , 0.19529 , 0.225398
-0.848227,8.26667,0.215376 , 0.215884 , 0.23588
-0.848227,8.53333,0.234122 , 0.234664 , 0.231409
-0.848227,8.8,0.249282 , 0.249831 , 0.220343
-0.848227,9.06667,0.259933 , 0.260471 , 0.206972
-0.848227,9.33333,0.265811 , 0.266325 , 0.193354
-0.848227,9.6,0.267104 , 0.267586 , 0.180412
-0.848227,9.86667,0.264277 , 0.264722 , 0.168509
-0.836065,2.13333,2.55198 , 2.55183 , -0.00601298
-0.836065,2.4,2.11143 , 2.11134 , -0.00463018
-0.836065,2.66667,1.75947 , 1.75964 , 0.00985869
-0.836065,2.93333,1.47268 , 1.47334 , 0.0447425
-0.836065,3.2,1.26606 , 1.2668 , 0.0587889
-0.836065,3.46667,1.11177 , 1.11224 , 0.042387
-0.836065,3.73333,0.944188 , 0.944429 , 0.0254881
-0.836065,4,0.7708 , 0.770816 , 0.00200373
-0.836065,4.26667,0.653078 , 0.65264 , -0.0670512
-0.836065,4.53333,0.614087 , 0.612955 , -0.184198
-0.836065,4.8,0.618889 , 0.617033 , -0.299881
-0.836065,5.06667,0.617134 , 0.61475 , -0.386313
-0.836065,5.33333,0.580124 , 0.577527 , -0.447817
-0.836065,5.6,0.507705 , 0.505203 , -0.492836
-0.836065,5.86667,0.416679 , 0.414503 , -0.522227
-0.836065,6.13333,0.326994 , 0.325273 , -0.526184
-0.836065,6.4,0.253377 , 0.252151 , -0.48356
-0.836065,6.66667,0.202878 , 0.202124 , -0.371502
-0.836065,6.93333,0.175982 , 0.175639 , -0.195118
-0.836065,7.2,0.169012 , 0.169002 , -0.00621736
-0.836065,7.46667,0.176438 , 0.176681 , 0.137759
-0.836065,7.73333,0.192538 , 0.192962 , 0.220202
-0.836065,8,0.212363 , 0.212906 , 0.255682
-0.836065,8.26667,0.232132 , 0.232744 , 0.263642
-0.836065,8.53333,0.249283 , 0.249925 , 0.257735
-0.836065,8.8,0.262317 , 0.262961 , 0.245706
-0.836065,9.06667,0.270573 , 0.271199 , 0.231551
-0.836065,9.33333,0.27399 , 0.274585 , 0.217215
-0.836065,9.6,0.272904 , 0.273459 , 0.203587
-0.836065,9.86667,0.267877 , 0.268389 , 0.191029
-0.823903,2.13333,2.5553 , 2.55513 , -0.00680956
-0.823903,2.4,2.11497 , 2.11486 , -0.00494852
-0.823903,2.66667,1.76356 , 1.76372 , 0.0091459
-0.823903,2.93333,1.47983 , 1.48042 , 0.0399149
-0.823903,3.2,1.27688 , 1.27755 , 0.0521706
-0.823903,3.46667,1.11768 , 1.11816 , 0.0430097
-0.823903,3.73333,0.942849 , 0.943175 , 0.0345495
-0.823903,4,0.771854 , 0.771918 , 0.00822474
-0.823903,4.26667,0.664026 , 0.663503 , -0.0786957
-0.823903,4.53333,0.631664 , 0.630301 , -0.215877
-0.823903,4.8,0.634021 , 0.631835 , -0.344903
-0.823903,5.06667,0.623036 , 0.620293 , -0.440234
-0.823903,5.33333,0.575747 , 0.572822 , -0.508118
-0.823903,5.6,0.496536 , 0.493773 , -0.556497
-0.823903,5.86667,0.403871 , 0.401513 , -0.583752
-0.823903,6.13333,0.317042 , 0.315217 , -0.575767
-0.823903,6.4,0.249025 , 0.247761 , -0.507797
-0.823903,6.66667,0.205021 , 0.204279 , -0.36185
-0.823903,6.93333,0.184102 , 0.183807 , -0.160027
-0.823903,7.2,0.181758 , 0.181821 , 0.0345597
-0.823903,7.46667,0.192137 , 0.192468 , 0.172275
-0.823903,7.73333,0.209556 , 0.210075 , 0.24767
-0.823903,8,0.229304 , 0.229944 , 0.27896
-0.823903,8.26667,0.247932 , 0.248638 , 0.285007
-0.823903,8.53333,0.263213 , 0.263946 , 0.278344
-0.823903,8.8,0.273952 , 0.27468 , 0.266021
-0.823903,9.06667,0.279731 , 0.280435 , 0.251709
-0.823903,9.33333,0.280676 , 0.281342 , 0.237231
-0.823903,9.6,0.277252 , 0.277872 , 0.223439
-0.823903,9.86667,0.270106 , 0.270675 , 0.210691
-0.811742,2.13333,2.56078 , 2.56059 , -0.00750632
-0.811742,2.4,2.11975 , 2.11964 , -0.00536259
-0.811742,2.66667,1.76879 , 1.76893 , 0.00802673
-0.811742,2.93333,1.48836 , 1.48888 , 0.0349522
-0.811742,3.2,1.28743 , 1.28802 , 0.0462339
-0.811742,3.46667,1.12192 , 1.12241 , 0.0436769
-0.811742,3.73333,0.941351 , 0.941741 , 0.0414514
-0.811742,4,0.775336 , 0.775418 , 0.0105738
-0.811742,4.26667,0.678247 , 0.677626 , -0.0915343
-0.811742,4.53333,0.651413 , 0.649837 , -0.241961
-0.811742,4.8,0.649759 , 0.647297 , -0.378932
-0.811742,5.06667,0.62871 , 0.625689 , -0.480451
-0.811742,5.33333,0.571281 , 0.56812 , -0.553358
-0.811742,5.6,0.485998 , 0.483063 , -0.603858
-0.811742,5.86667,0.392488 , 0.390027 , -0.627056
-0.811742,6.13333,0.309041 , 0.307172 , -0.604577
-0.811742,6.4,0.246754 , 0.245494 , -0.510397
-0.811742,6.66667,0.209015 , 0.208313 , -0.335843
-0.811742,6.93333,0.193597 , 0.193365 , -0.119734
-0.811742,7.2,0.195285 , 0.195424 , 0.0711525
-0.811742,7.46667,0.208008 , 0.208422 , 0.198684
-0.811742,7.73333,0.226193 , 0.226795 , 0.266301
-0.811742,8,0.245412 , 0.246133 , 0.293676
-0.811742,8.26667,0.262559 , 0.263343 , 0.298328
-0.811742,8.53333,0.275745 , 0.276549 , 0.291485
-0.811742,8.8,0.28406 , 0.284854 , 0.279452
-0.811742,9.06667,0.287319 , 0.288082 , 0.265555
-0.811742,9.33333,0.285812 , 0.286531 , 0.251473
-0.811742,9.6,0.280117 , 0.280784 , 0.238015
-0.811742,9.86667,0.270951 , 0.271562 , 0.225536
-0.79958,2.13333,2.56827 , 2.56806 , -0.0080846
-0.79958,2.4,2.12591 , 2.12578 , -0.00582067
-0.79958,2.66667,1.7753 , 1.77542 , 0.00664628
-0.79958,2.93333,1.49802 , 1.49847 , 0.0300639
-0.79958,3.2,1.29738 , 1.29791 , 0.040908
-0.79958,3.46667,1.12479 , 1.12529 , 0.0439826
-0.79958,3.73333,0.940537 , 0.940969 , 0.0458813
-0.79958,4,0.781866 , 0.781942 , 0.0096678
-0.79958,4.26667,0.695755 , 0.695035 , -0.103548
-0.79958,4.53333,0.672903 , 0.671151 , -0.260382
-0.79958,4.8,0.665555 , 0.66289 , -0.400433
-0.79958,5.06667,0.633704 , 0.630501 , -0.505489
-0.79958,5.33333,0.566411 , 0.563115 , -0.58175
-0.79958,5.6,0.475862 , 0.472851 , -0.632761
-0.79958,5.86667,0.382321 , 0.379836 , -0.649916
-0.79958,6.13333,0.302756 , 0.300905 , -0.611304
-0.79958,6.4,0.246294 , 0.24508 , -0.49266
-0.79958,6.66667,0.214568 , 0.213929 , -0.297816
-0.79958,6.93333,0.204171 , 0.20401 , -0.0788192
-0.79958,7.2,0.209309 , 0.209521 , 0.100997
-0.79958,7.46667,0.223799 , 0.224282 , 0.215903
-0.79958,7.73333,0.24224 , 0.242907 , 0.275489
-0.79958,8,0.260522 , 0.261302 , 0.299254
-0.79958,8.26667,0.275896 , 0.276731 , 0.302926
-0.79958,8.53333,0.2868 , 0.28765 , 0.29635
-0.79958,8.8,0.292603 , 0.293437 , 0.28507
-0.79958,9.06667,0.293326 , 0.294124 , 0.272046
-0.79958,9.33333,0.289413 , 0.290162 , 0.258806
-0.79958,9.6,0.281535 , 0.282228 , 0.246106
-0.79958,9.86667,0.270463 , 0.271096 , 0.234291
-0.787418,2.13333,2.57767 , 2.57745 , -0.0085308
-0.787418,2.4,2.1335 , 2.13337 , -0.00627302
-0.787418,2.66667,1.78316 , 1.78326 , 0.00513809
-0.787418,2.93333,1.50857 , 1.50895 , 0.0254094
-0.787418,3.2,1.30656 , 1.30703 , 0.0361104
-0.787418,3.46667,1.12681 , 1.12731 , 0.0436706
-0.787418,3.73333,0.941223 , 0.941673 , 0.0478254
-0.787418,4,0.791818 , 0.791869 , 0.00640216
-0.787418,4.26667,0.716248 , 0.715437 , -0.113174
-0.787418,4.53333,0.69544 , 0.69356 , -0.27035
-0.787418,4.8,0.680696 , 0.677909 , -0.409442
-0.787418,5.06667,0.637478 , 0.634192 , -0.515554
-0.787418,5.33333,0.560785 , 0.557458 , -0.593298
-0.787418,5.6,0.465897 , 0.462901 , -0.642993
-0.787418,5.86667,0.373181 , 0.370747 , -0.652296
-0.787418,6.13333,0.297995 , 0.296216 , -0.597117
-0.787418,6.4,0.247434 , 0.2463 , -0.458145
-0.787418,6.66667,0.221453 , 0.220893 , -0.252861
-0.787418,6.93333,0.215601 , 0.215512 , -0.0409956
-0.787418,7.2,0.223631 , 0.223905 , 0.122715
-0.787418,7.46667,0.239341 , 0.239877 , 0.223824
-0.787418,7.73333,0.257568 , 0.258277 , 0.275503
-0.787418,8,0.274549 , 0.275361 , 0.295982
-0.787418,8.26667,0.287896 , 0.288756 , 0.298992
-0.787418,8.53333,0.296371 , 0.297239 , 0.293
-0.787418,8.8,0.299601 , 0.300448 , 0.282796
-0.787418,9.06667,0.297802 , 0.298609 , 0.270976
-0.787418,9.33333,0.291545 , 0.2923 , 0.258907
-0.787418,9.6,0.281585 , 0.282281 , 0.247284
-0.787418,9.86667,0.26873 , 0.269365 , 0.236436
-0.775256,2.13333,2.58887 , 2.58864 , -0.00883717
-0.775256,2.4,2.14258 , 2.14243 , -0.00667658
-0.775256,2.66667,1.79236 , 1.79242 , 0.00361598
-0.775256,2.93333,1.51973 , 1.52005 , 0.0211013
-0.775256,3.2,1.31495 , 1.31537 , 0.0317656
-0.775256,3.46667,1.12859 , 1.12907 , 0.0426208
-0.775256,3.73333,0.944098 , 0.944546 , 0.0475086
-0.775256,4,0.805277 , 0.805291 , 0.00176227
-0.775256,4.26667,0.739143 , 0.73826 , -0.119466
-0.775256,4.53333,0.718157 , 0.716203 , -0.272144
-0.775256,4.8,0.694405 , 0.691578 , -0.40713
-0.775256,5.06667,0.639509 , 0.636234 , -0.512059
-0.775256,5.33333,0.554111 , 0.550845 , -0.589343
-0.775256,5.6,0.455945 , 0.453046 , -0.635841
-0.775256,5.86667,0.364958 , 0.362637 , -0.635872
-0.775256,6.13333,0.294642 , 0.292978 , -0.565008
-0.775256,6.4,0.250037 , 0.249007 , -0.411635
-0.775256,6.66667,0.229521 , 0.229049 , -0.205791
-0.775256,6.93333,0.227737 , 0.227717 , -0.00878146
-0.775256,7.2,0.238117 , 0.23844 , 0.135984
-0.775256,7.46667,0.254531 , 0.255099 , 0.22313
-0.775256,7.73333,0.27211 , 0.272837 , 0.267308
-0.775256,8,0.287462 , 0.288281 , 0.284835
-0.775256,8.26667,0.298565 , 0.299423 , 0.287416
-0.775256,8.53333,0.304493 , 0.305352 , 0.282202
-0.775256,8.8,0.305117 , 0.305951 , 0.273266
-0.775256,9.06667,0.300826 , 0.301616 , 0.262851
-0.775256,9.33333,0.292305 , 0.293042 , 0.25216
-0.775256,9.6,0.280371 , 0.281049 , 0.24182
-0.775256,9.86667,0.265861 , 0.266479 , 0.23214
-0.763095,2.13333,2.6018 , 2.60157 , -0.00900201
-0.763095,2.4,2.15311 , 2.15296 , -0.00699792
-0.763095,2.66667,1.80279 , 1.80283 , 0.00216973
-0.763095,2.93333,1.53127 , 1.53154 , 0.0172103
-0.763095,3.2,1.32265 , 1.32302 , 0.0278126
-0.763095,3.46667,1.13074 , 1.1312 , 0.0408265
-0.763095,3.73333,0.949657 , 0.950087 , 0.045322
-0.763095,4,0.82204 , 0.822013 , -0.00334044
-0.763095,4.26667,0.763638 , 0.762706 , -0.122097
-0.763095,4.53333,0.740106 , 0.738132 , -0.266775
-0.763095,4.8,0.705944 , 0.703153 , -0.39534
-0.763095,5.06667,0.639372 , 0.636194 , -0.497127
-0.763095,5.33333,0.546213 , 0.543089 , -0.572047
-0.763095,5.6,0.445961 , 0.443225 , -0.613576
-0.763095,5.86667,0.357639 , 0.355481 , -0.603469
-0.763095,6.13333,0.292667 , 0.291148 , -0.519055
-0.763095,6.4,0.254039 , 0.253129 , -0.3582
-0.763095,6.66667,0.238685 , 0.238302 , -0.160517
-0.763095,6.93333,0.240488 , 0.240528 , 0.0165052
-0.763095,7.2,0.252686 , 0.253043 , 0.141323
-0.763095,7.46667,0.269312 , 0.269892 , 0.215071
-0.763095,7.73333,0.285839 , 0.28656 , 0.252345
-0.763095,8,0.299266 , 0.300066 , 0.267254
-0.763095,8.26667,0.307937 , 0.308767 , 0.269567
-0.763095,8.53333,0.311226 , 0.312052 , 0.265222
-0.763095,8.8,0.309231 , 0.310027 , 0.257633
-0.763095,9.06667,0.302494 , 0.303247 , 0.248706
-0.763095,9.33333,0.291798 , 0.292497 , 0.239485
-0.763095,9.6,0.278007 , 0.278648 , 0.230527
-0.763095,9.86667,0.261973 , 0.262555 , 0.222119
-0.750933,2.13333,2.61637 , 2.61614 , -0.00902931
-0.750933,2.4,2.16506 , 2.1649 , -0.00721447
-0.750933,2.66667,1.81436 , 1.81437 , 0.00086399
-0.750933,2.93333,1.543 , 1.54321 , 0.0137722
-0.750933,3.2,1.32988 , 1.33021 , 0.0242074
-0.750933,3.46667,1.13386 , 1.13429 , 0.0383665
-0.750933,3.73333,0.958166 , 0.958566 , 0.041748
-0.750933,4,0.841644 , 0.841576 , -0.00818055
-0.750933,4.26667,0.788791 , 0.787835 , -0.12123
-0.750933,4.53333,0.760351 , 0.758407 , -0.255642
-0.750933,4.8,0.714689 , 0.712001 , -0.376172
-0.750933,5.06667,0.636801 , 0.633788 , -0.473153
-0.750933,5.33333,0.537071 , 0.534149 , -0.543949
-0.750933,5.6,0.436029 , 0.433504 , -0.578981
-0.750933,5.86667,0.351314 , 0.349352 , -0.558538
-0.750933,6.13333,0.292117 , 0.290762 , -0.46377
-0.750933,6.4,0.259438 , 0.258653 , -0.3025
-0.750933,6.66667,0.248904 , 0.248606 , -0.119784
-0.750933,6.93333,0.253798 , 0.253886 , 0.0345737
-0.750933,7.2,0.267287 , 0.267661 , 0.139834
-0.750933,7.46667,0.28365 , 0.284221 , 0.201234
-0.750933,7.73333,0.298745 , 0.299439 , 0.232314
-0.750933,8,0.30998 , 0.310739 , 0.244928
-0.750933,8.26667,0.316057 , 0.316838 , 0.247074
-0.750933,8.53333,0.316639 , 0.31741 , 0.243608
-0.750933,8.8,0.312028 , 0.312769 , 0.237351
-0.750933,9.06667,0.302906 , 0.303602 , 0.229899
-0.750933,9.33333,0.290131 , 0.290775 , 0.222146
-0.750933,9.6,0.274603 , 0.275192 , 0.214579
-0.750933,9.86667,0.257176 , 0.25771 , 0.207458
-0.738771,2.13333,2.63248 , 2.63225 , -0.00892808
-0.738771,2.4,2.17834 , 2.17818 , -0.00731444
-0.738771,2.66667,1.82688 , 1.82688 , -0.000260333
-0.738771,2.93333,1.55477 , 1.55493 , 0.0107951
-0.738771,3.2,1.33692 , 1.3372 , 0.0209209
-0.738771,3.46667,1.13843 , 1.13883 , 0.0353772
-0.738771,3.73333,0.969647 , 0.970009 , 0.0372885
-0.738771,4,0.863412 , 0.863306 , -0.0122689
-0.738771,4.26667,0.813595 , 0.81264 , -0.117357
-0.738771,4.53333,0.778041 , 0.776172 , -0.240248
-0.738771,4.8,0.720187 , 0.717654 , -0.351695
-0.738771,5.06667,0.631713 , 0.628918 , -0.442505
-0.738771,5.33333,0.526822 , 0.524147 , -0.507641
-0.738771,5.6,0.426355 , 0.424074 , -0.53501
-0.738771,5.86667,0.346158 , 0.344411 , -0.504754
-0.738771,6.13333,0.293095 , 0.291912 , -0.403576
-0.738771,6.4,0.266268 , 0.265607 , -0.248355
-0.738771,6.66667,0.260165 , 0.259943 , -0.0851691
-0.738771,6.93333,0.267629 , 0.267752 , 0.0459037
-0.738771,7.2,0.28188 , 0.282254 , 0.13295
-0.738771,7.46667,0.297518 , 0.298064 , 0.183333
-0.738771,7.73333,0.310825 , 0.311474 , 0.208976
-0.738771,8,0.319623 , 0.320325 , 0.219596
-0.738771,8.26667,0.322968 , 0.323684 , 0.221629
-0.738771,8.53333,0.320793 , 0.321496 , 0.218992
-0.738771,8.8,0.313589 , 0.31426 , 0.213981
-0.738771,9.06667,0.302152 , 0.302781 , 0.207918
-0.738771,9.33333,0.287403 , 0.287982 , 0.201556
-0.738771,9.6,0.270261 , 0.270789 , 0.195316
-0.738771,9.86667,0.251573 , 0.25205 , 0.189431
-0.726609,2.13333,2.65003 , 2.6498 , -0.00871132
-0.726609,2.4,2.19283 , 2.19267 , -0.00729574
-0.726609,2.66667,1.84021 , 1.84019 , -0.00118309
-0.726609,2.93333,1.56651 , 1.56664 , 0.00826622
-0.726609,3.2,1.34405 , 1.34429 , 0.0179349
-0.726609,3.46667,1.14481 , 1.14518 , 0.0320254
-0.726609,3.73333,0.983892 , 0.98421 , 0.0324062
-0.726609,4,0.886514 , 0.886378 , -0.015348
-0.726609,4.26667,0.837061 , 0.83613 , -0.11113
-0.726609,4.53333,0.792481 , 0.790721 , -0.222007
-0.726609,4.8,0.722193 , 0.719855 , -0.323764
-0.726609,5.06667,0.624223 , 0.62168 , -0.407336
-0.726609,5.33333,0.515756 , 0.513355 , -0.465562
-0.726609,5.6,0.417249 , 0.415227 , -0.484551
-0.726609,5.86667,0.34241 , 0.340883 , -0.445723
-0.726609,6.13333,0.29574 , 0.294727 , -0.342439
-0.726609,6.4,0.27458 , 0.274034 , -0.198543
-0.726609,6.66667,0.272457 , 0.272301 , -0.0572424
-0.726609,6.93333,0.281942 , 0.282087 , 0.0514704
-0.726609,7.2,0.296419 , 0.296781 , 0.122218
-0.726609,7.46667,0.310883 , 0.31139 , 0.163027
-0.726609,7.73333,0.322064 , 0.322657 , 0.183984
-0.726609,8,0.328206 , 0.328839 , 0.192882
-0.726609,8.26667,0.328705 , 0.329346 , 0.194823
-0.726609,8.53333,0.323745 , 0.32437 , 0.192922
-0.726609,8.8,0.313983 , 0.314577 , 0.189027
-0.726609,9.06667,0.300314 , 0.300868 , 0.184217
-0.726609,9.33333,0.283702 , 0.284211 , 0.179118
-0.726609,9.6,0.265074 , 0.265536 , 0.174092
-0.726609,9.86667,0.245257 , 0.245672 , 0.169341
-0.714448,2.13333,2.66891 , 2.66868 , -0.00839495
-0.714448,2.4,2.20841 , 2.20825 , -0.00716419
-0.714448,2.66667,1.85417 , 1.85414 , -0.00190095
-0.714448,2.93333,1.5782 , 1.5783 , 0.00615823
-0.714448,3.2,1.3516 , 1.3518 , 0.0152388
-0.714448,3.46667,1.1532 , 1.15352 , 0.028485
-0.714448,3.73333,1.00049 , 1.00076 , 0.0274847
-0.714448,4,0.910038 , 0.90988 , -0.0173517
-0.714448,4.26667,0.858286 , 0.8574 , -0.103237
-0.714448,4.53333,0.80317 , 0.801546 , -0.202148
-0.714448,4.8,0.720681 , 0.718563 , -0.293945
-0.714448,5.06667,0.61463 , 0.612359 , -0.369498
-0.714448,5.33333,0.504293 , 0.502175 , -0.419895
-0.714448,5.6,0.409091 , 0.407331 , -0.430305
-0.714448,5.86667,0.340337 , 0.339027 , -0.384782
-0.714448,6.13333,0.300196 , 0.299345 , -0.283622
-0.714448,6.4,0.284414 , 0.283974 , -0.154788
-0.714448,6.66667,0.285756 , 0.285654 , -0.0358101
-0.714448,6.93333,0.296679 , 0.296835 , 0.0524934
-0.714448,7.2,0.310845 , 0.311184 , 0.109117
-0.714448,7.46667,0.323696 , 0.324155 , 0.141788
-0.714448,7.73333,0.332437 , 0.332965 , 0.158766
-0.714448,8,0.335728 , 0.336286 , 0.166186
-0.714448,8.26667,0.33329 , 0.33385 , 0.168032
-0.714448,8.53333,0.325536 , 0.326079 , 0.166752
-0.714448,8.8,0.31327 , 0.313783 , 0.163816
-0.714448,9.06667,0.297463 , 0.297939 , 0.160094
-0.714448,9.33333,0.279107 , 0.279542 , 0.156102
-0.714448,9.6,0.259122 , 0.259516 , 0.152144
-0.714448,9.86667,0.238309 , 0.238663 , 0.148397
-0.702286,2.13333,2.68898 , 2.68876 , -0.00799659
-0.702286,2.4,2.22494 , 2.22479 , -0.00693164
-0.702286,2.66667,1.86861 , 1.86857 , -0.00242328
-0.702286,2.93333,1.58987 , 1.58994 , 0.00443431
-0.702286,3.2,1.35981 , 1.35998 , 0.0128249
-0.702286,3.46667,1.16361 , 1.1639 , 0.0249179
-0.702286,3.73333,1.01886 , 1.01909 , 0.0228094
-0.702286,4,0.933057 , 0.932886 , -0.0183486
-0.702286,4.26667,0.87651 , 0.875684 , -0.0943122
-0.702286,4.53333,0.809831 , 0.80836 , -0.181663
-0.702286,4.8,0.715844 , 0.713958 , -0.263491
-0.702286,5.06667,0.603392 , 0.601398 , -0.33052
-0.702286,5.33333,0.492942 , 0.491105 , -0.372539
-0.702286,5.6,0.402302 , 0.400795 , -0.374712
-0.702286,5.86667,0.34021 , 0.339105 , -0.324844
-0.702286,6.13333,0.306589 , 0.305886 , -0.229547
-0.702286,6.4,0.295786 , 0.295438 , -0.117865
-0.702286,6.66667,0.300011 , 0.29995 , -0.0201757
-0.702286,6.93333,0.31176 , 0.311917 , 0.0502331
-0.702286,7.2,0.325074 , 0.325382 , 0.094936
-0.702286,7.46667,0.335891 , 0.336296 , 0.12082
-0.702286,7.73333,0.341901 , 0.342361 , 0.134464
-0.702286,8,0.342173 , 0.342654 , 0.140616
-0.702286,8.26667,0.336732 , 0.337212 , 0.142351
-0.702286,8.53333,0.326198 , 0.32666 , 0.14157
-0.702286,8.8,0.311497 , 0.311931 , 0.139427
-0.702286,9.06667,0.293657 , 0.294059 , 0.136618
-0.702286,9.33333,0.273684 , 0.274049 , 0.133564
-0.702286,9.6,0.252478 , 0.252807 , 0.130516
-0.702286,9.86667,0.230802 , 0.231097 , 0.127626
-0.690124,2.13333,2.71012 , 2.70991 , -0.00753452
-0.690124,2.4,2.24227 , 2.24212 , -0.00661383
-0.690124,2.66667,1.88341 , 1.88336 , -0.00276814
-0.690124,2.93333,1.60158 , 1.60162 , 0.00305237
-0.690124,3.2,1.36889 , 1.36903 , 0.0106856
-0.690124,3.46667,1.17592 , 1.17617 , 0.0214614
-0.690124,3.73333,1.03832 , 1.03851 , 0.0185663
-0.690124,4,0.954688 , 0.954512 , -0.0184865
-0.690124,4.26667,0.891162 , 0.890405 , -0.0848955
-0.690124,4.53333,0.812423 , 0.811113 , -0.161317
-0.690124,4.8,0.708072 , 0.706419 , -0.233367
-0.690124,5.06667,0.591098 , 0.589374 , -0.29163
-0.690124,5.33333,0.482271 , 0.480703 , -0.32511
-0.690124,5.6,0.397306 , 0.396035 , -0.319913
-0.690124,5.86667,0.342276 , 0.341357 , -0.268285
-0.690124,6.13333,0.315006 , 0.314433 , -0.181765
-0.690124,6.4,0.308672 , 0.308401 , -0.0877989
-0.690124,6.66667,0.315131 , 0.315101 , -0.00937953
-0.690124,6.93333,0.327073 , 0.327223 , 0.0458475
-0.690124,7.2,0.338997 , 0.339271 , 0.0807115
-0.690124,7.46667,0.347379 , 0.34773 , 0.101022
-0.690124,7.73333,0.350398 , 0.35079 , 0.111901
-0.690124,8,0.347512 , 0.347919 , 0.116971
-0.690124,8.26667,0.339031 , 0.339433 , 0.118573
-0.690124,8.53333,0.325753 , 0.326138 , 0.118171
-0.690124,8.8,0.308704 , 0.309064 , 0.116661
-0.690124,9.06667,0.288951 , 0.289282 , 0.114596
-0.690124,9.33333,0.267494 , 0.267794 , 0.112311
-0.690124,9.6,0.245206 , 0.245475 , 0.110016
-0.690124,9.86667,0.222804 , 0.223044 , 0.107837
-0.677962,2.13333,2.73219 , 2.732 , -0.00702674
-0.677962,2.4,2.26026 , 2.26011 , -0.00622863
-0.677962,2.66667,1.89846 , 1.8984 , -0.00295886
-0.677962,2.93333,1.6134 , 1.61343 , 0.00196822
-0.677962,3.2,1.37896 , 1.37908 , 0.00881151
-0.677962,3.46667,1.18985 , 1.19006 , 0.0182206
-0.677962,3.73333,1.05813 , 1.05829 , 0.0148541
-0.677962,4,0.974156 , 0.973981 , -0.0179478
-0.677962,4.26667,0.901882 , 0.901202 , -0.0754155
-0.677962,4.53333,0.811131 , 0.809981 , -0.141668
-0.677962,4.8,0.697925 , 0.696499 , -0.204286
-0.677962,5.06667,0.578422 , 0.576954 , -0.253795
-0.677962,5.33333,0.472867 , 0.471548 , -0.278969
-0.677962,5.6,0.394499 , 0.393443 , -0.267717
-0.677962,5.86667,0.346728 , 0.345976 , -0.216871
-0.677962,6.13333,0.325477 , 0.325018 , -0.141015
-0.677962,6.4,0.322994 , 0.322787 , -0.0640856
-0.677962,6.66667,0.330985 , 0.330978 , -0.00238818
-0.677962,6.93333,0.34247 , 0.342608 , 0.0403066
-0.677962,7.2,0.352482 , 0.352719 , 0.0672012
-0.677962,7.46667,0.358055 , 0.358353 , 0.0829976
-0.677962,7.73333,0.357854 , 0.358182 , 0.0916059
-0.677962,8,0.351707 , 0.352043 , 0.0957519
-0.677962,8.26667,0.340176 , 0.340507 , 0.0972031
-0.677962,8.53333,0.324215 , 0.32453 , 0.0970717
-0.677962,8.8,0.304924 , 0.305217 , 0.0960505
-0.677962,9.06667,0.28339 , 0.283658 , 0.0945703
-0.677962,9.33333,0.260593 , 0.260835 , 0.0929
-0.677962,9.6,0.237366 , 0.237583 , 0.0912084
-0.677962,9.86667,0.214375 , 0.214567 , 0.0896023
-0.6658,2.13333,2.75506 , 2.75489 , -0.0064902
-0.6658,2.4,2.27876 , 2.27863 , -0.00579442
-0.6658,2.66667,1.91368 , 1.91362 , -0.00302112
-0.6658,2.93333,1.62543 , 1.62545 , 0.00113802
-0.6658,3.2,1.39005 , 1.39015 , 0.00719001
-0.6658,3.46667,1.20501 , 1.20519 , 0.0152666
-0.6658,3.73333,1.07754 , 1.07766 , 0.011703
-0.6658,4,0.990831 , 0.990663 , -0.0169167
-0.6658,4.26667,0.908542 , 0.90794 , -0.0661919
-0.6658,4.53333,0.806347 , 0.805354 , -0.123097
-0.6658,4.8,0.686096 , 0.684883 , -0.176755
-0.6658,5.06667,0.566087 , 0.564854 , -0.217766
-0.6658,5.33333,0.465298 , 0.464203 , -0.235242
-0.6658,5.6,0.394224 , 0.393358 , -0.219565
-0.6658,5.86667,0.353693 , 0.353086 , -0.171718
-0.6658,6.13333,0.337969 , 0.337606 , -0.107355
-0.6658,6.4,0.338619 , 0.338463 , -0.0459126
-0.6658,6.66667,0.347399 , 0.347405 , 0.001773
-0.6658,6.93333,0.357775 , 0.357898 , 0.0343584
-0.6658,7.2,0.365373 , 0.365574 , 0.0549008
-0.6658,7.46667,0.3678 , 0.368046 , 0.0670837
-0.6658,7.73333,0.364188 , 0.364457 , 0.0738423
-0.6658,8,0.354711 , 0.354985 , 0.0772045
-0.6658,8.26667,0.340154 , 0.340421 , 0.0784905
-0.6658,8.53333,0.321597 , 0.32185 , 0.0785396
-0.6658,8.8,0.30019 , 0.300423 , 0.0778809
-0.6658,9.06667,0.277019 , 0.277232 , 0.0768486
-0.6658,9.33333,0.253034 , 0.253226 , 0.0756548
-0.6658,9.6,0.229017 , 0.229188 , 0.0744352
-0.6658,9.86667,0.205576 , 0.205726 , 0.0732775
-0.653639,2.13333,2.7786 , 2.77844 , -0.00594025
-0.653639,2.4,2.29767 , 2.29754 , -0.00532888
-0.653639,2.66667,1.92901 , 1.92896 , -0.00298082
-0.653639,2.93333,1.63772 , 1.63773 , 0.000520022
-0.653639,3.2,1.40211 , 1.4022 , 0.00580502
-0.653639,3.46667,1.22093 , 1.22108 , 0.012639
-0.653639,3.73333,1.09585 , 1.09595 , 0.00909506
-0.653639,4,1.00427 , 1.00411 , -0.0155605
-0.653639,4.26667,0.911237 , 0.910713 , -0.057449
-0.653639,4.53333,0.798646 , 0.7978 , -0.105853
-0.653639,4.8,0.673367 , 0.67235 , -0.151123
-0.653639,5.06667,0.554818 , 0.553797 , -0.184118
-0.653639,5.33333,0.460077 , 0.459181 , -0.19483
-0.653639,5.6,0.396742 , 0.396041 , -0.176487
-0.653639,5.86667,0.363216 , 0.362732 , -0.133318
-0.653639,6.13333,0.352373 , 0.35209 , -0.0803385
-0.653639,6.4,0.355358 , 0.355243 , -0.0323405
-0.653639,6.66667,0.364154 , 0.364168 , 0.00394366
-0.653639,6.93333,0.372781 , 0.372887 , 0.0285319
-0.653639,7.2,0.377498 , 0.377664 , 0.0440807
-0.653639,7.46667,0.376481 , 0.376682 , 0.0534013
-0.653639,7.73333,0.369313 , 0.36953 , 0.0586654
-0.653639,8,0.356477 , 0.356696 , 0.0613662
-0.653639,8.26667,0.338952 , 0.339163 , 0.0624813
-0.653639,8.53333,0.31791 , 0.318109 , 0.0626385
-0.653639,8.8,0.29453 , 0.294714 , 0.0622388
-0.653639,9.06667,0.269882 , 0.270048 , 0.0615392
-0.653639,9.33333,0.24487 , 0.245019 , 0.0607052
-0.653639,9.6,0.220216 , 0.220347 , 0.0598448
-0.653639,9.86667,0.196464 , 0.19658 , 0.059029
-0.641477,2.13333,2.80268 , 2.80253 , -0.00539024
-0.641477,2.4,2.31686 , 2.31674 , -0.00484816
-0.641477,2.66667,1.94443 , 1.94438 , -0.00286252
-0.641477,2.93333,1.65034 , 1.65034 , 7.56822e-05
-0.641477,3.2,1.41501 , 1.41507 , 0.00463744
-0.641477,3.46667,1.2371 , 1.23723 , 0.0103507
-0.641477,3.73333,1.11245 , 1.11252 , 0.00698234
-0.641477,4,1.01421 , 1.01407 , -0.0140198
-0.641477,4.26667,0.910277 , 0.909827 , -0.0493317
-0.641477,4.53333,0.788743 , 0.788033 , -0.0900756
-0.641477,4.8,0.660567 , 0.659724 , -0.127615
-0.641477,5.06667,0.545309 , 0.544473 , -0.153283
-0.641477,5.33333,0.45764 , 0.456916 , -0.158407
-0.641477,5.6,0.40222 , 0.40166 , -0.139086
-0.641477,5.86667,0.375252 , 0.37487 , -0.101624
-0.641477,6.13333,0.368511 , 0.368292 , -0.0592045
-0.641477,6.4,0.372966 , 0.372883 , -0.0224359
-0.641477,6.66667,0.380998 , 0.381016 , 0.00479724
-0.641477,6.93333,0.38726 , 0.38735 , 0.0231636
-0.641477,7.2,0.38867 , 0.388806 , 0.0348343
-0.641477,7.46667,0.383964 , 0.384125 , 0.0419093
-0.641477,7.73333,0.373141 , 0.373313 , 0.0459756
-0.641477,8,0.35696 , 0.357132 , 0.0481227
-0.641477,8.26667,0.336555 , 0.336721 , 0.0490688
-0.641477,8.53333,0.313168 , 0.313322 , 0.04928
-0.641477,8.8,0.28798 , 0.288121 , 0.0490577
-0.641477,9.06667,0.262026 , 0.262154 , 0.0485979
-0.641477,9.33333,0.236154 , 0.236267 , 0.0480284
-0.641477,9.6,0.211018 , 0.211118 , 0.0474342
-0.641477,9.86667,0.187097 , 0.187185 , 0.0468723
-0.629315,2.13333,2.82718 , 2.82704 , -0.0048514
-0.629315,2.4,2.33624 , 2.33614 , -0.00436628
-0.629315,2.66667,1.95991 , 1.95986 , -0.0026884
-0.629315,2.93333,1.66328 , 1.66328 , -0.000229577
-0.629315,3.2,1.42853 , 1.42858 , 0.00366587
-0.629315,3.46667,1.25301 , 1.25312 , 0.00839388
-0.629315,3.73333,1.12686 , 1.12692 , 0.00530202
-0.629315,4,1.02064 , 1.02051 , -0.012406
-0.629315,4.26667,0.906158 , 0.905778 , -0.0419231
-0.629315,4.53333,0.777455 , 0.776865 , -0.0758294
-0.629315,4.8,0.648523 , 0.647834 , -0.106367
-0.629315,5.06667,0.538182 , 0.537506 , -0.125562
-0.629315,5.33333,0.458318 , 0.457739 , -0.126403
-0.629315,5.6,0.410717 , 0.410275 , -0.107545
-0.629315,5.86667,0.389661 , 0.389364 , -0.0761755
-0.629315,6.13333,0.386129 , 0.385962 , -0.0430431
-0.629315,6.4,0.391152 , 0.391092 , -0.0153552
-0.629315,6.66667,0.397648 , 0.397667 , 0.00484138
-0.629315,6.93333,0.40097 , 0.401044 , 0.0184359
-0.629315,7.2,0.398702 , 0.39881 , 0.0271268
-0.629315,7.46667,0.390116 , 0.390242 , 0.0324558
-0.629315,7.73333,0.375589 , 0.375723 , 0.0355701
-0.629315,8,0.356119 , 0.356252 , 0.0372584
-0.629315,8.26667,0.33296 , 0.333087 , 0.0380443
-0.629315,8.53333,0.307391 , 0.307509 , 0.0382715
-0.629315,8.8,0.280577 , 0.280684 , 0.0381649
-0.629315,9.06667,0.253501 , 0.253597 , 0.0378725
-0.629315,9.33333,0.226942 , 0.227028 , 0.0374924
-0.629315,9.6,0.201485 , 0.20156 , 0.0370907
-0.629315,9.86667,0.177536 , 0.177601 , 0.0367123
