2.35977, 1.24, 481.664
2.35977, 1.72, 288.529
2.35977, 2.2, 192.859
2.35977, 2.68, 137.767
2.35977, 3.16, 102.96
2.35977, 3.64, 77.1454
2.35977, 4.12, 64.5519
2.35977, 4.6, 58.0393
2.35977, 5.08, 46.0866
2.35977, 5.56, 32.7868
2.35977, 6.04, 24.6674
2.35977, 6.52, 22.4618
2.35977, 7, 23.491
2.35977, 7.48, 25.0683
2.35977, 7.96, 25.7264
2.35977, 8.44, 25.0698
2.35977, 8.92, 23.2916
2.35977, 9.4, 20.7906
2.35977, 9.88, 17.9606
2.35977, 10.36, 15.1055
2.35977, 10.84, 12.4232
2.35977, 11.32, 10.0216
2.35977, 11.8, 7.9426
2.35977, 12.28, 6.18342
2.35977, 12.76, 4.71414
2.35977, 13.24, 3.49327
2.35977, 13.72, 2.48352
2.35977, 14.2, 1.66368
2.35977, 14.68, 1.02841
2.35977, 15.16, 0.574505
2.35977, 15.64, 0.284673
2.35977, 16.12, 0.123202
2.35977, 16.6, 0.046006
2.35977, 17.08, 0.014685
2.35977, 17.56, 0.00397836
2.35977, 18.04, 0.000909796
2.35977, 18.52, 0.000174898
2.35977, 19, 2.81723e-05
2.35977, 19.48, 3.79267e-06
2.35977, 19.96, 4.25861e-07
2.35977, 20.44, 3.98174e-08
2.35977, 20.92, 3.09578e-09
2.35977, 21.4, 1.99927e-10
2.35977, 21.88, 1.07143e-11
2.35977, 22.36, 4.76111e-13
2.35977, 22.84, 1.7531e-14
2.35977, 23.32, 5.34581e-16
2.35977, 23.8, 1.34932e-17
2.35977, 24.28, 2.81796e-19
2.35977, 24.76, 4.86763e-21
2.36566, 1.24, 481.614
2.36566, 1.72, 288.446
2.36566, 2.2, 192.804
2.36566, 2.68, 137.705
2.36566, 3.16, 102.96
2.36566, 3.64, 76.969
2.36566, 4.12, 64.0815
2.36566, 4.6, 57.9602
2.36566, 5.08, 46.421
2.36566, 5.56, 33.0735
2.36566, 6.04, 24.6605
2.36566, 6.52, 22.2158
2.36566, 7, 23.1685
2.36566, 7.48, 24.8015
2.36566, 7.96, 25.5792
2.36566, 8.44, 25.0513
2.36566, 8.92, 23.3806
2.36566, 9.4, 20.9552
2.36566, 9.88, 18.1697
2.36566, 10.36, 15.3333
2.36566, 10.84, 12.6511
2.36566, 11.32, 10.2371
2.36566, 11.8, 8.13806
2.36566, 12.28, 6.35467
2.36566, 12.76, 4.85904
2.36566, 13.24, 3.61086
2.36566, 13.72, 2.57382
2.36566, 14.2, 1.72811
2.36566, 14.68, 1.07029
2.36566, 15.16, 0.598824
2.36566, 15.64, 0.297086
2.36566, 16.12, 0.128697
2.36566, 16.6, 0.0480936
2.36566, 17.08, 0.0153603
2.36566, 17.56, 0.00416318
2.36566, 18.04, 0.000952403
2.36566, 18.52, 0.000183141
2.36566, 19, 2.95068e-05
2.36566, 19.48, 3.97305e-06
2.36566, 19.96, 4.46181e-07
2.36566, 20.44, 4.17222e-08
2.36566, 20.92, 3.2442e-09
2.36566, 21.4, 2.09528e-10
2.36566, 21.88, 1.12296e-11
2.36566, 22.36, 4.99034e-13
2.36566, 22.84, 1.83758e-14
2.36566, 23.32, 5.60361e-16
2.36566, 23.8, 1.41443e-17
2.36566, 24.28, 2.954e-19
2.36566, 24.76, 5.10271e-21
2.37154, 1.24, 481.56
2.37154, 1.72, 288.36
2.37154, 2.2, 192.746
2.37154, 2.68, 137.642
2.37154, 3.16, 102.959
2.37154, 3.64, 76.8105
2.37154, 4.12, 63.6023
2.37154, 4.6, 57.8487
2.37154, 5.08, 46.7394
2.37154, 5.56, 33.3672
2.37154, 6.04, 24.6687
2.37154, 6.52, 21.9802
2.37154, 7, 22.8475
2.37154, 7.48, 24.529
2.37154, 7.96, 25.4223
2.37154, 8.44, 25.022
2.37154, 8.92, 23.4596
2.37154, 9.4, 21.1117
2.37154, 9.88, 18.3726
2.37154, 10.36, 15.557
2.37154, 10.84, 12.8765
2.37154, 11.32, 10.4514
2.37154, 11.8, 8.3334
2.37154, 12.28, 6.52651
2.37154, 12.76, 5.00497
2.37154, 13.24, 3.72967
2.37154, 13.72, 2.66532
2.37154, 14.2, 1.79357
2.37154, 14.68, 1.11291
2.37154, 15.16, 0.623618
2.37154, 15.64, 0.309758
2.37154, 16.12, 0.134312
2.37154, 16.6, 0.0502286
2.37154, 17.08, 0.0160513
2.37154, 17.56, 0.00435241
2.37154, 18.04, 0.000996046
2.37154, 18.52, 0.000191587
2.37154, 19, 3.08745e-05
2.37154, 19.48, 4.15796e-06
2.37154, 19.96, 4.67015e-07
2.37154, 20.44, 4.36757e-08
2.37154, 20.92, 3.39641e-09
2.37154, 21.4, 2.19376e-10
2.37154, 21.88, 1.17582e-11
2.37154, 22.36, 5.22549e-13
2.37154, 22.84, 1.92425e-14
2.37154, 23.32, 5.86811e-16
2.37154, 23.8, 1.48123e-17
2.37154, 24.28, 3.09358e-19
2.37154, 24.76, 5.34391e-21
2.37742, 1.24, 481.503
2.37742, 1.72, 288.271
2.37742, 2.2, 192.686
2.37742, 2.68, 137.579
2.37742, 3.16, 102.956
2.37742, 3.64, 76.6705
2.37742, 4.12, 63.1169
2.37742, 4.6, 57.7061
2.37742, 5.08, 47.0406
2.37742, 5.56, 33.6668
2.37742, 6.04, 24.6914
2.37742, 6.52, 21.7548
2.37742, 7, 22.5283
2.37742, 7.48, 24.2509
2.37742, 7.96, 25.2558
2.37742, 8.44, 24.9819
2.37742, 8.92, 23.5287
2.37742, 9.4, 21.2599
2.37742, 9.88, 18.5693
2.37742, 10.36, 15.7764
2.37742, 10.84, 13.0992
2.37742, 11.32, 10.6645
2.37742, 11.8, 8.52846
2.37742, 12.28, 6.6988
2.37742, 12.76, 5.15182
2.37742, 13.24, 3.84961
2.37742, 13.72, 2.75795
2.37742, 14.2, 1.85998
2.37742, 14.68, 1.15625
2.37742, 15.16, 0.648865
2.37742, 15.64, 0.322678
2.37742, 16.12, 0.140042
2.37742, 16.6, 0.0524091
2.37742, 17.08, 0.0167575
2.37742, 17.56, 0.0045459
2.37742, 18.04, 0.00104069
2.37742, 18.52, 0.000200229
2.37742, 19, 3.22742e-05
2.37742, 19.48, 4.34725e-06
2.37742, 19.96, 4.88345e-07
2.37742, 20.44, 4.56758e-08
2.37742, 20.92, 3.55229e-09
2.37742, 21.4, 2.29462e-10
2.37742, 21.88, 1.22995e-11
2.37742, 22.36, 5.46635e-13
2.37742, 22.84, 2.01303e-14
2.37742, 23.32, 6.13905e-16
2.37742, 23.8, 1.54967e-17
2.37742, 24.28, 3.23657e-19
2.37742, 24.76, 5.59101e-21
2.38331, 1.24, 481.442
2.38331, 1.72, 288.18
2.38331, 2.2, 192.623
2.38331, 2.68, 137.517
2.38331, 3.16, 102.949
2.38331, 3.64, 76.5492
2.38331, 4.12, 62.6284
2.38331, 4.6, 57.5337
2.38331, 5.08, 47.3241
2.38331, 5.56, 33.9709
2.38331, 6.04, 24.7279
2.38331, 6.52, 21.5397
2.38331, 7, 22.211
2.38331, 7.48, 23.9677
2.38331, 7.96, 25.08
2.38331, 8.44, 24.9312
2.38331, 8.92, 23.5876
2.38331, 9.4, 21.3996
2.38331, 9.88, 18.7595
2.38331, 10.36, 15.9912
2.38331, 10.84, 13.3191
2.38331, 11.32, 10.876
2.38331, 11.8, 8.72307
2.38331, 12.28, 6.8714
2.38331, 12.76, 5.29944
2.38331, 13.24, 3.97058
2.38331, 13.72, 2.85162
2.38331, 14.2, 1.9273
2.38331, 14.68, 1.20025
2.38331, 15.16, 0.674542
2.38331, 15.64, 0.335832
2.38331, 16.12, 0.145883
2.38331, 16.6, 0.0546331
2.38331, 17.08, 0.0174782
2.38331, 17.56, 0.00474344
2.38331, 18.04, 0.00108628
2.38331, 18.52, 0.000209058
2.38331, 19, 3.37047e-05
2.38331, 19.48, 4.54071e-06
2.38331, 19.96, 5.10151e-07
2.38331, 20.44, 4.77208e-08
2.38331, 20.92, 3.71168e-09
2.38331, 21.4, 2.39776e-10
2.38331, 21.88, 1.28531e-11
2.38331, 22.36, 5.71269e-13
2.38331, 22.84, 2.10383e-14
2.38331, 23.32, 6.41617e-16
2.38331, 23.8, 1.61966e-17
2.38331, 24.28, 3.38283e-19
2.38331, 24.76, 5.84377e-21
2.38919, 1.24, 481.377
2.38919, 1.72, 288.086
2.38919, 2.2, 192.557
2.38919, 2.68, 137.455
2.38919, 3.16, 102.94
2.38919, 3.64, 76.447
2.38919, 4.12, 62.1393
2.38919, 4.6, 57.3329
2.38919, 5.08, 47.5893
2.38919, 5.56, 34.2786
2.38919, 6.04, 24.7775
2.38919, 6.52, 21.3346
2.38919, 7, 21.8958
2.38919, 7.48, 23.6794
2.38919, 7.96, 24.8949
2.38919, 8.44, 24.8698
2.38919, 8.92, 23.6365
2.38919, 9.4, 21.5308
2.38919, 9.88, 18.943
2.38919, 10.36, 16.2012
2.38919, 10.84, 13.536
2.38919, 11.32, 11.0859
2.38919, 11.8, 8.91708
2.38919, 12.28, 7.04415
2.38919, 12.76, 5.44773
2.38919, 13.24, 4.09246
2.38919, 13.72, 2.94626
2.38919, 14.2, 1.99546
2.38919, 14.68, 1.24489
2.38919, 15.16, 0.700625
2.38919, 15.64, 0.349211
2.38919, 16.12, 0.151827
2.38919, 16.6, 0.0568985
2.38919, 17.08, 0.0182127
2.38919, 17.56, 0.00494486
2.38919, 18.04, 0.00113278
2.38919, 18.52, 0.000218066
2.38919, 19, 3.51644e-05
2.38919, 19.48, 4.73818e-06
2.38919, 19.96, 5.32411e-07
2.38919, 20.44, 4.98086e-08
2.38919, 20.92, 3.87442e-09
2.38919, 21.4, 2.50308e-10
2.38919, 21.88, 1.34185e-11
2.38919, 22.36, 5.96428e-13
2.38919, 22.84, 2.19657e-14
2.38919, 23.32, 6.69921e-16
2.38919, 23.8, 1.69116e-17
2.38919, 24.28, 3.53223e-19
2.38919, 24.76, 6.10195e-21
2.39508, 1.24, 481.308
2.39508, 1.72, 287.99
2.39508, 2.2, 192.489
2.39508, 2.68, 137.395
2.39508, 3.16, 102.926
2.39508, 3.64, 76.3638
2.39508, 4.12, 61.6523
2.39508, 4.6, 57.1054
2.39508, 5.08, 47.8357
2.39508, 5.56, 34.5887
2.39508, 6.04, 24.8396
2.39508, 6.52, 21.1395
2.39508, 7, 21.5829
2.39508, 7.48, 23.3863
2.39508, 7.96, 24.7008
2.39508, 8.44, 24.7979
2.39508, 8.92, 23.6752
2.39508, 9.4, 21.6533
2.39508, 9.88, 19.1198
2.39508, 10.36, 16.4064
2.39508, 10.84, 13.7496
2.39508, 11.32, 11.2939
2.39508, 11.8, 9.1103
2.39508, 12.28, 7.21691
2.39508, 12.76, 5.59655
2.39508, 13.24, 4.21515
2.39508, 13.72, 3.04178
2.39508, 14.2, 2.06441
2.39508, 14.68, 1.29013
2.39508, 15.16, 0.727091
2.39508, 15.64, 0.362801
2.39508, 16.12, 0.157872
2.39508, 16.6, 0.0592032
2.39508, 17.08, 0.0189603
2.39508, 17.56, 0.00514997
2.39508, 18.04, 0.00118016
2.39508, 18.52, 0.000227244
2.39508, 19, 3.66521e-05
2.39508, 19.48, 4.93948e-06
2.39508, 19.96, 5.55105e-07
2.39508, 20.44, 5.19374e-08
2.39508, 20.92, 4.04038e-09
2.39508, 21.4, 2.61049e-10
2.39508, 21.88, 1.39951e-11
2.39508, 22.36, 6.22087e-13
2.39508, 22.84, 2.29116e-14
2.39508, 23.32, 6.98792e-16
2.39508, 23.8, 1.76408e-17
2.39508, 24.28, 3.68462e-19
2.39508, 24.76, 6.36531e-21
2.40096, 1.24, 481.233
2.40096, 1.72, 287.891
2.40096, 2.2, 192.417
2.40096, 2.68, 137.337
2.40096, 3.16, 102.908
2.40096, 3.64, 76.2996
2.40096, 4.12, 61.1701
2.40096, 4.6, 56.853
2.40096, 5.08, 48.0631
2.40096, 5.56, 34.9004
2.40096, 6.04, 24.9136
2.40096, 6.52, 20.9542
2.40096, 7, 21.2724
2.40096, 7.48, 23.0886
2.40096, 7.96, 24.4977
2.40096, 8.44, 24.7154
2.40096, 8.92, 23.7037
2.40096, 9.4, 21.767
2.40096, 9.88, 19.2896
2.40096, 10.36, 16.6065
2.40096, 10.84, 13.9598
2.40096, 11.32, 11.4998
2.40096, 11.8, 9.30258
2.40096, 12.28, 7.38954
2.40096, 12.76, 5.74578
2.40096, 13.24, 4.33855
2.40096, 13.72, 3.13809
2.40096, 14.2, 2.13408
2.40096, 14.68, 1.33591
2.40096, 15.16, 0.753917
2.40096, 15.64, 0.37659
2.40096, 16.12, 0.164009
2.40096, 16.6, 0.0615451
2.40096, 17.08, 0.0197204
2.40096, 17.56, 0.00535859
2.40096, 18.04, 0.00122835
2.40096, 18.52, 0.000236585
2.40096, 19, 3.81665e-05
2.40096, 19.48, 5.1444e-06
2.40096, 19.96, 5.78211e-07
2.40096, 20.44, 5.41052e-08
2.40096, 20.92, 4.20939e-09
2.40096, 21.4, 2.71988e-10
2.40096, 21.88, 1.45824e-11
2.40096, 22.36, 6.48223e-13
2.40096, 22.84, 2.38751e-14
2.40096, 23.32, 7.28201e-16
2.40096, 23.8, 1.83837e-17
2.40096, 24.28, 3.83986e-19
2.40096, 24.76, 6.6336e-21
2.40685, 1.24, 481.154
2.40685, 1.72, 287.79
2.40685, 2.2, 192.342
2.40685, 2.68, 137.28
2.40685, 3.16, 102.885
2.40685, 3.64, 76.254
2.40685, 4.12, 60.6952
2.40685, 4.6, 56.5777
2.40685, 5.08, 48.2715
2.40685, 5.56, 35.2126
2.40685, 6.04, 24.9988
2.40685, 6.52, 20.7785
2.40685, 7, 20.9644
2.40685, 7.48, 22.7865
2.40685, 7.96, 24.2858
2.40685, 8.44, 24.6224
2.40685, 8.92, 23.7218
2.40685, 9.4, 21.8717
2.40685, 9.88, 19.4522
2.40685, 10.36, 16.8012
2.40685, 10.84, 14.1664
2.40685, 11.32, 11.7036
2.40685, 11.8, 9.49376
2.40685, 12.28, 7.56188
2.40685, 12.76, 5.89528
2.40685, 13.24, 4.46256
2.40685, 13.72, 3.23512
2.40685, 14.2, 2.20441
2.40685, 14.68, 1.38221
2.40685, 15.16, 0.781079
2.40685, 15.64, 0.390566
2.40685, 16.12, 0.170235
2.40685, 16.6, 0.0639221
2.40685, 17.08, 0.0204923
2.40685, 17.56, 0.00557051
2.40685, 18.04, 0.00127733
2.40685, 18.52, 0.000246079
2.40685, 19, 3.9706e-05
2.40685, 19.48, 5.35277e-06
2.40685, 19.96, 6.0171e-07
2.40685, 20.44, 5.631e-08
2.40685, 20.92, 4.38129e-09
2.40685, 21.4, 2.83115e-10
2.40685, 21.88, 1.51799e-11
2.40685, 22.36, 6.74812e-13
2.40685, 22.84, 2.48554e-14
2.40685, 23.32, 7.58121e-16
2.40685, 23.8, 1.91395e-17
2.40685, 24.28, 3.99781e-19
2.40685, 24.76, 6.90657e-21
2.41273, 1.24, 481.07
2.41273, 1.72, 287.685
2.41273, 2.2, 192.264
2.41273, 2.68, 137.226
2.41273, 3.16, 102.856
2.41273, 3.64, 76.2265
2.41273, 4.12, 60.2299
2.41273, 4.6, 56.2814
2.41273, 5.08, 48.4609
2.41273, 5.56, 35.5248
2.41273, 6.04, 25.0946
2.41273, 6.52, 20.6122
2.41273, 7, 20.659
2.41273, 7.48, 22.4801
2.41273, 7.96, 24.0653
2.41273, 8.44, 24.5189
2.41273, 8.92, 23.7297
2.41273, 9.4, 21.9674
2.41273, 9.88, 19.6076
2.41273, 10.36, 16.9906
2.41273, 10.84, 14.3692
2.41273, 11.32, 11.905
2.41273, 11.8, 9.68366
2.41273, 12.28, 7.73379
2.41273, 12.76, 6.04494
2.41273, 13.24, 4.58705
2.41273, 13.72, 3.33278
2.41273, 14.2, 2.27534
2.41273, 14.68, 1.42898
2.41273, 15.16, 0.808552
2.41273, 15.64, 0.404716
2.41273, 16.12, 0.176543
2.41273, 16.6, 0.0663321
2.41273, 17.08, 0.0212752
2.41273, 17.56, 0.00578556
2.41273, 18.04, 0.00132704
2.41273, 18.52, 0.000255718
2.41273, 19, 4.12693e-05
2.41273, 19.48, 5.5644e-06
2.41273, 19.96, 6.25578e-07
2.41273, 20.44, 5.85496e-08
2.41273, 20.92, 4.55594e-09
2.41273, 21.4, 2.9442e-10
2.41273, 21.88, 1.57869e-11
2.41273, 22.36, 7.01829e-13
2.41273, 22.84, 2.58514e-14
2.41273, 23.32, 7.88525e-16
2.41273, 23.8, 1.99076e-17
2.41273, 24.28, 4.15832e-19
2.41273, 24.76, 7.18397e-21
2.41861, 1.24, 480.981
2.41861, 1.72, 287.578
2.41861, 2.2, 192.182
2.41861, 2.68, 137.176
2.41861, 3.16, 102.822
2.41861, 3.64, 76.2166
2.41861, 4.12, 59.7765
2.41861, 4.6, 55.9662
2.41861, 5.08, 48.6315
2.41861, 5.56, 35.8361
2.41861, 6.04, 25.2004
2.41861, 6.52, 20.4553
2.41861, 7, 20.3563
2.41861, 7.48, 22.1697
2.41861, 7.96, 23.8362
2.41861, 8.44, 24.405
2.41861, 8.92, 23.7272
2.41861, 9.4, 22.0539
2.41861, 9.88, 19.7555
2.41861, 10.36, 17.1742
2.41861, 10.84, 14.568
2.41861, 11.32, 12.1038
2.41861, 11.8, 9.87213
2.41861, 12.28, 7.90513
2.41861, 12.76, 6.19462
2.41861, 13.24, 4.71194
2.41861, 13.72, 3.43099
2.41861, 14.2, 2.34681
2.41861, 14.68, 1.47617
2.41861, 15.16, 0.836313
2.41861, 15.64, 0.419028
2.41861, 16.12, 0.182929
2.41861, 16.6, 0.0687729
2.41861, 17.08, 0.0220685
2.41861, 17.56, 0.00600353
2.41861, 18.04, 0.00137745
2.41861, 18.52, 0.000265494
2.41861, 19, 4.2855e-05
2.41861, 19.48, 5.77908e-06
2.41861, 19.96, 6.49794e-07
2.41861, 20.44, 6.08222e-08
2.41861, 20.92, 4.73316e-09
2.41861, 21.4, 3.05893e-10
2.41861, 21.88, 1.6403e-11
2.41861, 22.36, 7.29249e-13
2.41861, 22.84, 2.68624e-14
2.41861, 23.32, 8.19386e-16
2.41861, 23.8, 2.06872e-17
2.41861, 24.28, 4.32124e-19
2.41861, 24.76, 7.46554e-21
2.4245, 1.24, 480.885
2.4245, 1.72, 287.467
2.4245, 2.2, 192.097
2.4245, 2.68, 137.128
2.4245, 3.16, 102.781
2.4245, 3.64, 76.2234
2.4245, 4.12, 59.337
2.4245, 4.6, 55.6343
2.4245, 5.08, 48.7837
2.4245, 5.56, 36.146
2.4245, 6.04, 25.3158
2.4245, 6.52, 20.3074
2.4245, 7, 20.0565
2.4245, 7.48, 21.8554
2.4245, 7.96, 23.5987
2.4245, 8.44, 24.2807
2.4245, 8.92, 23.7142
2.4245, 9.4, 22.1312
2.4245, 9.88, 19.8958
2.4245, 10.36, 17.3521
2.4245, 10.84, 14.7626
2.4245, 11.32, 12.2999
2.4245, 11.8, 10.059
2.4245, 12.28, 8.07574
2.4245, 12.76, 6.34419
2.4245, 13.24, 4.83711
2.4245, 13.72, 3.52965
2.4245, 14.2, 2.41876
2.4245, 14.68, 1.52376
2.4245, 15.16, 0.864337
2.4245, 15.64, 0.433489
2.4245, 16.12, 0.189385
2.4245, 16.6, 0.0712422
2.4245, 17.08, 0.0228715
2.4245, 17.56, 0.00622423
2.4245, 18.04, 0.0014285
2.4245, 18.52, 0.000275396
2.4245, 19, 4.44617e-05
2.4245, 19.48, 5.99663e-06
2.4245, 19.96, 6.74336e-07
2.4245, 20.44, 6.31256e-08
2.4245, 20.92, 4.9128e-09
2.4245, 21.4, 3.17523e-10
2.4245, 21.88, 1.70275e-11
2.4245, 22.36, 7.57048e-13
2.4245, 22.84, 2.78874e-14
2.4245, 23.32, 8.50674e-16
2.4245, 23.8, 2.14776e-17
2.4245, 24.28, 4.48642e-19
2.4245, 24.76, 7.75104e-21
2.43038, 1.24, 480.783
2.43038, 1.72, 287.353
2.43038, 2.2, 192.008
2.43038, 2.68, 137.085
2.43038, 3.16, 102.734
2.43038, 3.64, 76.246
2.43038, 4.12, 58.9133
2.43038, 4.6, 55.288
2.43038, 5.08, 48.9181
2.43038, 5.56, 36.454
2.43038, 6.04, 25.4402
2.43038, 6.52, 20.1685
2.43038, 7, 19.7595
2.43038, 7.48, 21.5374
2.43038, 7.96, 23.3529
2.43038, 8.44, 24.146
2.43038, 8.92, 23.6909
2.43038, 9.4, 22.199
2.43038, 9.88, 20.0284
2.43038, 10.36, 17.524
2.43038, 10.84, 14.9529
2.43038, 11.32, 12.493
2.43038, 11.8, 10.2441
2.43038, 12.28, 8.24548
2.43038, 12.76, 6.49353
2.43038, 13.24, 4.96245
2.43038, 13.72, 3.6287
2.43038, 14.2, 2.49113
2.43038, 14.68, 1.5717
2.43038, 15.16, 0.892598
2.43038, 15.64, 0.448087
2.43038, 16.12, 0.195907
2.43038, 16.6, 0.073738
2.43038, 17.08, 0.0236834
2.43038, 17.56, 0.00644746
2.43038, 18.04, 0.00148014
2.43038, 18.52, 0.000285417
2.43038, 19, 4.60878e-05
2.43038, 19.48, 6.21685e-06
2.43038, 19.96, 6.99182e-07
2.43038, 20.44, 6.54577e-08
2.43038, 20.92, 5.09469e-09
2.43038, 21.4, 3.293e-10
2.43038, 21.88, 1.766e-11
2.43038, 22.36, 7.852e-13
2.43038, 22.84, 2.89254e-14
2.43038, 23.32, 8.82361e-16
2.43038, 23.8, 2.22781e-17
2.43038, 24.28, 4.65373e-19
2.43038, 24.76, 8.04019e-21
2.43627, 1.24, 480.675
2.43627, 1.72, 287.236
2.43627, 2.2, 191.915
2.43627, 2.68, 137.045
2.43627, 3.16, 102.681
2.43627, 3.64, 76.2835
2.43627, 4.12, 58.5073
2.43627, 4.6, 54.9293
2.43627, 5.08, 49.0351
2.43627, 5.56, 36.7597
2.43627, 6.04, 25.5732
2.43627, 6.52, 20.0384
2.43627, 7, 19.4656
2.43627, 7.48, 21.2159
2.43627, 7.96, 23.0989
2.43627, 8.44, 24.0011
2.43627, 8.92, 23.657
2.43627, 9.4, 22.2574
2.43627, 9.88, 20.1531
2.43627, 10.36, 17.6898
2.43627, 10.84, 15.1388
2.43627, 11.32, 12.6831
2.43627, 11.8, 10.4273
2.43627, 12.28, 8.41421
2.43627, 12.76, 6.64252
2.43627, 13.24, 5.08787
2.43627, 13.72, 3.72804
2.43627, 14.2, 2.56385
2.43627, 14.68, 1.61994
2.43627, 15.16, 0.921074
2.43627, 15.64, 0.462807
2.43627, 16.12, 0.202488
2.43627, 16.6, 0.0762579
2.43627, 17.08, 0.0245035
2.43627, 17.56, 0.00667302
2.43627, 18.04, 0.00153234
2.43627, 18.52, 0.000295547
2.43627, 19, 4.77319e-05
2.43627, 19.48, 6.43954e-06
2.43627, 19.96, 7.2431e-07
2.43627, 20.44, 6.78164e-08
2.43627, 20.92, 5.27867e-09
2.43627, 21.4, 3.41213e-10
2.43627, 21.88, 1.82998e-11
2.43627, 22.36, 8.13679e-13
2.43627, 22.84, 2.99755e-14
2.43627, 23.32, 9.14419e-16
2.43627, 23.8, 2.3088e-17
2.43627, 24.28, 4.82299e-19
2.43627, 24.76, 8.33274e-21
2.44215, 1.24, 480.559
2.44215, 1.72, 287.115
2.44215, 2.2, 191.818
2.44215, 2.68, 137.01
2.44215, 3.16, 102.621
2.44215, 3.64, 76.3348
2.44215, 4.12, 58.1204
2.44215, 4.6, 54.5605
2.44215, 5.08, 49.1355
2.44215, 5.56, 37.0628
2.44215, 6.04, 25.7144
2.44215, 6.52, 19.9171
2.44215, 7, 19.1747
2.44215, 7.48, 20.891
2.44215, 7.96, 22.837
2.44215, 8.44, 23.8459
2.44215, 8.92, 23.6127
2.44215, 9.4, 22.3063
2.44215, 9.88, 20.2698
2.44215, 10.36, 17.8492
2.44215, 10.84, 15.3199
2.44215, 11.32, 12.87
2.44215, 11.8, 10.6085
2.44215, 12.28, 8.58179
2.44215, 12.76, 6.79102
2.44215, 13.24, 5.21325
2.44215, 13.72, 3.82758
2.44215, 14.2, 2.63686
2.44215, 14.68, 1.66845
2.44215, 15.16, 0.949739
2.44215, 15.64, 0.477639
2.44215, 16.12, 0.209124
2.44215, 16.6, 0.0787999
2.44215, 17.08, 0.0253311
2.44215, 17.56, 0.00690071
2.44215, 18.04, 0.00158505
2.44215, 18.52, 0.000305778
2.44215, 19, 4.93926e-05
2.44215, 19.48, 6.6645e-06
2.44215, 19.96, 7.49696e-07
2.44215, 20.44, 7.01997e-08
2.44215, 20.92, 5.46459e-09
2.44215, 21.4, 3.53252e-10
2.44215, 21.88, 1.89464e-11
2.44215, 22.36, 8.42461e-13
2.44215, 22.84, 3.10368e-14
2.44215, 23.32, 9.46819e-16
2.44215, 23.8, 2.39066e-17
2.44215, 24.28, 4.99407e-19
2.44215, 24.76, 8.62843e-21
2.44804, 1.24, 480.436
2.44804, 1.72, 286.991
2.44804, 2.2, 191.717
2.44804, 2.68, 136.98
2.44804, 3.16, 102.555
2.44804, 3.64, 76.3985
2.44804, 4.12, 57.754
2.44804, 4.6, 54.1838
2.44804, 5.08, 49.2202
2.44804, 5.56, 37.363
2.44804, 6.04, 25.8635
2.44804, 6.52, 19.8043
2.44804, 7, 18.8871
2.44804, 7.48, 20.5629
2.44804, 7.96, 22.5673
2.44804, 8.44, 23.6807
2.44804, 8.92, 23.5578
2.44804, 9.4, 22.3455
2.44804, 9.88, 20.3784
2.44804, 10.36, 18.0022
2.44804, 10.84, 15.4962
2.44804, 11.32, 13.0534
2.44804, 11.8, 10.7874
2.44804, 12.28, 8.74808
2.44804, 12.76, 6.93892
2.44804, 13.24, 5.33848
2.44804, 13.72, 3.92725
2.44804, 14.2, 2.7101
2.44804, 14.68, 1.71718
2.44804, 15.16, 0.978568
2.44804, 15.64, 0.492569
2.44804, 16.12, 0.215808
2.44804, 16.6, 0.0813616
2.44804, 17.08, 0.0261654
2.44804, 17.56, 0.00713034
2.44804, 18.04, 0.00163822
2.44804, 18.52, 0.0003161
2.44804, 19, 5.10684e-05
2.44804, 19.48, 6.89153e-06
2.44804, 19.96, 7.7532e-07
2.44804, 20.44, 7.26055e-08
2.44804, 20.92, 5.65226e-09
2.44804, 21.4, 3.65405e-10
2.44804, 21.88, 1.95991e-11
2.44804, 22.36, 8.7152e-13
2.44804, 22.84, 3.21083e-14
2.44804, 23.32, 9.79533e-16
2.44804, 23.8, 2.47331e-17
2.44804, 24.28, 5.16681e-19
2.44804, 24.76, 8.927e-21
2.45392, 1.24, 480.305
2.45392, 1.72, 286.863
2.45392, 2.2, 191.611
2.45392, 2.68, 136.954
2.45392, 3.16, 102.482
2.45392, 3.64, 76.4735
2.45392, 4.12, 57.4093
2.45392, 4.6, 53.8013
2.45392, 5.08, 49.2899
2.45392, 5.56, 37.6603
2.45392, 6.04, 26.0201
2.45392, 6.52, 19.7001
2.45392, 7, 18.6029
2.45392, 7.48, 20.2319
2.45392, 7.96, 22.2899
2.45392, 8.44, 23.5054
2.45392, 8.92, 23.4925
2.45392, 9.4, 22.3751
2.45392, 9.88, 20.4787
2.45392, 10.36, 18.1486
2.45392, 10.84, 15.6676
2.45392, 11.32, 13.2333
2.45392, 11.8, 10.9639
2.45392, 12.28, 8.91293
2.45392, 12.76, 7.0861
2.45392, 13.24, 5.46348
2.45392, 13.72, 4.02697
2.45392, 14.2, 2.7835
2.45392, 14.68, 1.76609
2.45392, 15.16, 1.00754
2.45392, 15.64, 0.507583
2.45392, 16.12, 0.222534
2.45392, 16.6, 0.0839409
2.45392, 17.08, 0.0270058
2.45392, 17.56, 0.0073617
2.45392, 18.04, 0.0016918
2.45392, 18.52, 0.000326504
2.45392, 19, 5.27578e-05
2.45392, 19.48, 7.12045e-06
2.45392, 19.96, 8.01158e-07
2.45392, 20.44, 7.50315e-08
2.45392, 20.92, 5.84153e-09
2.45392, 21.4, 3.77663e-10
2.45392, 21.88, 2.02575e-11
2.45392, 22.36, 9.00831e-13
2.45392, 22.84, 3.31892e-14
2.45392, 23.32, 1.01253e-15
2.45392, 23.8, 2.55668e-17
2.45392, 24.28, 5.34106e-19
2.45392, 24.76, 9.22818e-21
2.45981, 1.24, 480.165
2.45981, 1.72, 286.73
2.45981, 2.2, 191.502
2.45981, 2.68, 136.934
2.45981, 3.16, 102.403
2.45981, 3.64, 76.5584
2.45981, 4.12, 57.0871
2.45981, 4.6, 53.4151
2.45981, 5.08, 49.3455
2.45981, 5.56, 37.9545
2.45981, 6.04, 26.1841
2.45981, 6.52, 19.6045
2.45981, 7, 18.3222
2.45981, 7.48, 19.8982
2.45981, 7.96, 22.0051
2.45981, 8.44, 23.3202
2.45981, 8.92, 23.4167
2.45981, 9.4, 22.3949
2.45981, 9.88, 20.5707
2.45981, 10.36, 18.2883
2.45981, 10.84, 15.8338
2.45981, 11.32, 13.4095
2.45981, 11.8, 11.138
2.45981, 12.28, 9.07622
2.45981, 12.76, 7.23242
2.45981, 13.24, 5.58813
2.45981, 13.72, 4.12664
2.45981, 14.2, 2.85702
2.45981, 14.68, 1.81515
2.45981, 15.16, 1.03662
2.45981, 15.64, 0.522671
2.45981, 16.12, 0.229297
2.45981, 16.6, 0.0865355
2.45981, 17.08, 0.0278515
2.45981, 17.56, 0.00759459
2.45981, 18.04, 0.00174575
2.45981, 18.52, 0.000336982
2.45981, 19, 5.44595e-05
2.45981, 19.48, 7.35104e-06
2.45981, 19.96, 8.27188e-07
2.45981, 20.44, 7.74758e-08
2.45981, 20.92, 6.03224e-09
2.45981, 21.4, 3.90014e-10
2.45981, 21.88, 2.09209e-11
2.45981, 22.36, 9.30367e-13
2.45981, 22.84, 3.42784e-14
2.45981, 23.32, 1.04579e-15
2.45981, 23.8, 2.6407e-17
2.45981, 24.28, 5.51667e-19
2.45981, 24.76, 9.53171e-21
2.46569, 1.24, 480.016
2.46569, 1.72, 286.594
2.46569, 2.2, 191.388
2.46569, 2.68, 136.92
2.46569, 3.16, 102.318
2.46569, 3.64, 76.6518
2.46569, 4.12, 56.7883
2.46569, 4.6, 53.0272
2.46569, 5.08, 49.3882
2.46569, 5.56, 38.2456
2.46569, 6.04, 26.3551
2.46569, 6.52, 19.5173
2.46569, 7, 18.0453
2.46569, 7.48, 19.562
2.46569, 7.96, 21.7131
2.46569, 8.44, 23.1252
2.46569, 8.92, 23.3305
2.46569, 9.4, 22.4049
2.46569, 9.88, 20.6542
2.46569, 10.36, 18.4212
2.46569, 10.84, 15.9948
2.46569, 11.32, 13.5818
2.46569, 11.8, 11.3093
2.46569, 12.28, 9.23782
2.46569, 12.76, 7.37778
2.46569, 13.24, 5.71233
2.46569, 13.72, 4.2262
2.46569, 14.2, 2.93058
2.46569, 14.68, 1.86431
2.46569, 15.16, 1.0658
2.46569, 15.64, 0.537818
2.46569, 16.12, 0.236091
2.46569, 16.6, 0.0891434
2.46569, 17.08, 0.0287019
2.46569, 17.56, 0.00782883
2.46569, 18.04, 0.00180002
2.46569, 18.52, 0.000347525
2.46569, 19, 5.61718e-05
2.46569, 19.48, 7.58311e-06
2.46569, 19.96, 8.53388e-07
2.46569, 20.44, 7.99362e-08
2.46569, 20.92, 6.22422e-09
2.46569, 21.4, 4.02448e-10
2.46569, 21.88, 2.15889e-11
2.46569, 22.36, 9.60105e-13
2.46569, 22.84, 3.53751e-14
2.46569, 23.32, 1.07927e-15
2.46569, 23.8, 2.7253e-17
2.46569, 24.28, 5.69349e-19
2.46569, 24.76, 9.83733e-21
2.47157, 1.24, 479.858
2.47157, 1.72, 286.454
2.47157, 2.2, 191.27
2.47157, 2.68, 136.91
2.47157, 3.16, 102.228
2.47157, 3.64, 76.7523
2.47157, 4.12, 56.5134
2.47157, 4.6, 52.6394
2.47157, 5.08, 49.4187
2.47157, 5.56, 38.5337
2.47157, 6.04, 26.5331
2.47157, 6.52, 19.4386
2.47157, 7, 17.7723
2.47157, 7.48, 19.2236
2.47157, 7.96, 21.4141
2.47157, 8.44, 22.9206
2.47157, 8.92, 23.234
2.47157, 9.4, 22.4052
2.47157, 9.88, 20.7292
2.47157, 10.36, 18.5471
2.47157, 10.84, 16.1503
2.47157, 11.32, 13.7502
2.47157, 11.8, 11.4779
2.47157, 12.28, 9.3976
2.47157, 12.76, 7.52207
2.47157, 13.24, 5.83599
2.47157, 13.72, 4.32556
2.47157, 14.2, 3.00414
2.47157, 14.68, 1.91353
2.47157, 15.16, 1.09504
2.47157, 15.64, 0.553013
2.47157, 16.12, 0.242911
2.47157, 16.6, 0.0917622
2.47157, 17.08, 0.0295562
2.47157, 17.56, 0.00806421
2.47157, 18.04, 0.00185457
2.47157, 18.52, 0.000358123
2.47157, 19, 5.78935e-05
2.47157, 19.48, 7.81648e-06
2.47157, 19.96, 8.79736e-07
2.47157, 20.44, 8.24108e-08
2.47157, 20.92, 6.41731e-09
2.47157, 21.4, 4.14955e-10
2.47157, 21.88, 2.22607e-11
2.47157, 22.36, 9.90018e-13
2.47157, 22.84, 3.64783e-14
2.47157, 23.32, 1.11295e-15
2.47157, 23.8, 2.8104e-17
2.47157, 24.28, 5.87137e-19
2.47157, 24.76, 1.01448e-20
2.47746, 1.24, 479.689
2.47746, 1.72, 286.309
2.47746, 2.2, 191.148
2.47746, 2.68, 136.907
2.47746, 3.16, 102.132
2.47746, 3.64, 76.8586
2.47746, 4.12, 56.2627
2.47746, 4.6, 52.2535
2.47746, 5.08, 49.4382
2.47746, 5.56, 38.8188
2.47746, 6.04, 26.718
2.47746, 6.52, 19.3686
2.47746, 7, 17.5034
2.47746, 7.48, 18.8834
2.47746, 7.96, 21.1084
2.47746, 8.44, 22.7066
2.47746, 8.92, 23.1272
2.47746, 9.4, 22.3957
2.47746, 9.88, 20.7958
2.47746, 10.36, 18.666
2.47746, 10.84, 16.3004
2.47746, 11.32, 13.9144
2.47746, 11.8, 11.6436
2.47746, 12.28, 9.55544
2.47746, 12.76, 7.66518
2.47746, 13.24, 5.95901
2.47746, 13.72, 4.42464
2.47746, 14.2, 3.07762
2.47746, 14.68, 1.96277
2.47746, 15.16, 1.12433
2.47746, 15.64, 0.568244
2.47746, 16.12, 0.249751
2.47746, 16.6, 0.0943901
2.47746, 17.08, 0.0304136
2.47746, 17.56, 0.00830054
2.47746, 18.04, 0.00190936
2.47746, 18.52, 0.000368769
2.47746, 19, 5.96231e-05
2.47746, 19.48, 8.05095e-06
2.47746, 19.96, 9.06211e-07
2.47746, 20.44, 8.48974e-08
2.47746, 20.92, 6.61136e-09
2.47746, 21.4, 4.27524e-10
2.47746, 21.88, 2.2936e-11
2.47746, 22.36, 1.02008e-12
2.47746, 22.84, 3.75871e-14
2.47746, 23.32, 1.14681e-15
2.47746, 23.8, 2.89594e-17
2.47746, 24.28, 6.05016e-19
2.47746, 24.76, 1.04538e-20
2.48334, 1.24, 479.509
2.48334, 1.72, 286.161
2.48334, 2.2, 191.021
2.48334, 2.68, 136.909
2.48334, 3.16, 102.031
2.48334, 3.64, 76.9691
2.48334, 4.12, 56.0363
2.48334, 4.6, 51.8712
2.48334, 5.08, 49.4477
2.48334, 5.56, 39.1012
2.48334, 6.04, 26.9096
2.48334, 6.52, 19.3072
2.48334, 7, 17.239
2.48334, 7.48, 18.5416
2.48334, 7.96, 20.7962
2.48334, 8.44, 22.4834
2.48334, 8.92, 23.0102
2.48334, 9.4, 22.3765
2.48334, 9.88, 20.8537
2.48334, 10.36, 18.7777
2.48334, 10.84, 16.4449
2.48334, 11.32, 14.0744
2.48334, 11.8, 11.8063
2.48334, 12.28, 9.71123
2.48334, 12.76, 7.80699
2.48334, 13.24, 6.08131
2.48334, 13.72, 4.52338
2.48334, 14.2, 3.15098
2.48334, 14.68, 2.012
2.48334, 15.16, 1.15365
2.48334, 15.64, 0.583498
2.48334, 16.12, 0.256605
2.48334, 16.6, 0.0970247
2.48334, 17.08, 0.0312737
2.48334, 17.56, 0.00853764
2.48334, 18.04, 0.00196433
2.48334, 18.52, 0.000379453
2.48334, 19, 6.13593e-05
2.48334, 19.48, 8.28632e-06
2.48334, 19.96, 9.32791e-07
2.48334, 20.44, 8.73941e-08
2.48334, 20.92, 6.8062e-09
2.48334, 21.4, 4.40145e-10
2.48334, 21.88, 2.3614e-11
2.48334, 22.36, 1.05027e-12
2.48334, 22.84, 3.87006e-14
2.48334, 23.32, 1.18081e-15
2.48334, 23.8, 2.98185e-17
2.48334, 24.28, 6.22972e-19
2.48334, 24.76, 1.07642e-20
2.48923, 1.24, 479.319
2.48923, 1.72, 286.008
2.48923, 2.2, 190.891
2.48923, 2.68, 136.916
2.48923, 3.16, 101.927
2.48923, 3.64, 77.0826
2.48923, 4.12, 55.8342
2.48923, 4.6, 51.4939
2.48923, 5.08, 49.4481
2.48923, 5.56, 39.381
2.48923, 6.04, 27.108
2.48923, 6.52, 19.2546
2.48923, 7, 16.9794
2.48923, 7.48, 18.1986
2.48923, 7.96, 20.478
2.48923, 8.44, 22.2512
2.48923, 8.92, 22.8833
2.48923, 9.4, 22.3476
2.48923, 9.88, 20.903
2.48923, 10.36, 18.8823
2.48923, 10.84, 16.5836
2.48923, 11.32, 14.2301
2.48923, 11.8, 11.9658
2.48923, 12.28, 9.86486
2.48923, 12.76, 7.94741
2.48923, 13.24, 6.20279
2.48923, 13.72, 4.62169
2.48923, 14.2, 3.22416
2.48923, 14.68, 2.06118
2.48923, 15.16, 1.18296
2.48923, 15.64, 0.598764
2.48923, 16.12, 0.263469
2.48923, 16.6, 0.0996642
2.48923, 17.08, 0.0321355
2.48923, 17.56, 0.00877532
2.48923, 18.04, 0.00201945
2.48923, 18.52, 0.000390168
2.48923, 19, 6.31006e-05
2.48923, 19.48, 8.52242e-06
2.48923, 19.96, 9.59455e-07
2.48923, 20.44, 8.98988e-08
2.48923, 20.92, 7.00169e-09
2.48923, 21.4, 4.52809e-10
2.48923, 21.88, 2.42944e-11
2.48923, 22.36, 1.08057e-12
2.48923, 22.84, 3.98179e-14
2.48923, 23.32, 1.21492e-15
2.48923, 23.8, 3.06806e-17
2.48923, 24.28, 6.40991e-19
2.48923, 24.76, 1.10757e-20
2.49511, 1.24, 479.116
2.49511, 1.72, 285.851
2.49511, 2.2, 190.757
2.49511, 2.68, 136.929
2.49511, 3.16, 101.818
2.49511, 3.64, 77.1977
2.49511, 4.12, 55.6562
2.49511, 4.6, 51.123
2.49511, 5.08, 49.4403
2.49511, 5.56, 39.6584
2.49511, 6.04, 27.3132
2.49511, 6.52, 19.2109
2.49511, 7, 16.7248
2.49511, 7.48, 17.8549
2.49511, 7.96, 20.1541
2.49511, 8.44, 22.0103
2.49511, 8.92, 22.7466
2.49511, 9.4, 22.3091
2.49511, 9.88, 20.9438
2.49511, 10.36, 18.9797
2.49511, 10.84, 16.7166
2.49511, 11.32, 14.3814
2.49511, 11.8, 12.122
2.49511, 12.28, 10.0162
2.49511, 12.76, 8.08635
2.49511, 13.24, 6.32336
2.49511, 13.72, 4.71951
2.49511, 14.2, 3.29711
2.49511, 14.68, 2.11027
2.49511, 15.16, 1.21225
2.49511, 15.64, 0.61403
2.49511, 16.12, 0.270337
2.49511, 16.6, 0.102307
2.49511, 17.08, 0.0329987
2.49511, 17.56, 0.0090134
2.49511, 18.04, 0.00207468
2.49511, 18.52, 0.000400905
2.49511, 19, 6.48457e-05
2.49511, 19.48, 8.75907e-06
2.49511, 19.96, 9.86184e-07
2.49511, 20.44, 9.24098e-08
2.49511, 20.92, 7.19767e-09
2.49511, 21.4, 4.65505e-10
2.49511, 21.88, 2.49766e-11
2.49511, 22.36, 1.11095e-12
2.49511, 22.84, 4.09383e-14
2.49511, 23.32, 1.24913e-15
2.49511, 23.8, 3.1545e-17
2.49511, 24.28, 6.5906e-19
2.49511, 24.76, 1.1388e-20
2.501, 1.24, 478.9
2.501, 1.72, 285.689
2.501, 2.2, 190.62
2.501, 2.68, 136.948
2.501, 3.16, 101.707
2.501, 3.64, 77.313
2.501, 4.12, 55.5018
2.501, 4.6, 50.7598
2.501, 5.08, 49.4253
2.501, 5.56, 39.9336
2.501, 6.04, 27.5251
2.501, 6.52, 19.1764
2.501, 7, 16.4755
2.501, 7.48, 17.5108
2.501, 7.96, 19.8248
2.501, 8.44, 21.761
2.501, 8.92, 22.6002
2.501, 9.4, 22.2611
2.501, 9.88, 20.9759
2.501, 10.36, 19.0699
2.501, 10.84, 16.8438
2.501, 11.32, 14.5282
2.501, 11.8, 12.275
2.501, 12.28, 10.1652
2.501, 12.76, 8.22372
2.501, 13.24, 6.44296
2.501, 13.72, 4.81678
2.501, 14.2, 3.36978
2.501, 14.68, 2.15924
2.501, 15.16, 1.2415
2.501, 15.64, 0.629287
2.501, 16.12, 0.277205
2.501, 16.6, 0.10495
2.501, 17.08, 0.0338624
2.501, 17.56, 0.00925172
2.501, 18.04, 0.00212997
2.501, 18.52, 0.000411656
2.501, 19, 6.65934e-05
2.501, 19.48, 8.99609e-06
2.501, 19.96, 1.01296e-06
2.501, 20.44, 9.49251e-08
2.501, 20.92, 7.39401e-09
2.501, 21.4, 4.78225e-10
2.501, 21.88, 2.566e-11
2.501, 22.36, 1.14138e-12
2.501, 22.84, 4.20608e-14
2.501, 23.32, 1.28341e-15
2.501, 23.8, 3.24111e-17
2.501, 24.28, 6.77164e-19
2.501, 24.76, 1.17009e-20
2.50688, 1.24, 478.671
2.50688, 1.72, 285.525
2.50688, 2.2, 190.479
2.50688, 2.68, 136.971
2.50688, 3.16, 101.593
2.50688, 3.64, 77.4274
2.50688, 4.12, 55.3704
2.50688, 4.6, 50.4051
2.50688, 5.08, 49.4039
2.50688, 5.56, 40.2068
2.50688, 6.04, 27.7438
2.50688, 6.52, 19.1512
2.50688, 7, 16.2321
2.50688, 7.48, 17.1667
2.50688, 7.96, 19.4906
2.50688, 8.44, 21.5036
2.50688, 8.92, 22.4445
2.50688, 9.4, 22.2038
2.50688, 9.88, 20.9996
2.50688, 10.36, 19.1528
2.50688, 10.84, 16.9651
2.50688, 11.32, 14.6704
2.50688, 11.8, 12.4245
2.50688, 12.28, 10.3118
2.50688, 12.76, 8.35943
2.50688, 13.24, 6.56151
2.50688, 13.72, 4.91342
2.50688, 14.2, 3.44213
2.50688, 14.68, 2.20805
2.50688, 15.16, 1.27068
2.50688, 15.64, 0.644522
2.50688, 16.12, 0.284067
2.50688, 16.6, 0.107592
2.50688, 17.08, 0.0347261
2.50688, 17.56, 0.00949009
2.50688, 18.04, 0.00218528
2.50688, 18.52, 0.000422414
2.50688, 19, 6.83424e-05
2.50688, 19.48, 9.23332e-06
2.50688, 19.96, 1.03975e-06
2.50688, 20.44, 9.7443e-08
2.50688, 20.92, 7.59055e-09
2.50688, 21.4, 4.90959e-10
2.50688, 21.88, 2.63442e-11
2.50688, 22.36, 1.17185e-12
2.50688, 22.84, 4.31846e-14
2.50688, 23.32, 1.31773e-15
2.50688, 23.8, 3.32783e-17
2.50688, 24.28, 6.9529e-19
2.50688, 24.76, 1.20143e-20
2.51277, 1.24, 478.429
2.51277, 1.72, 285.356
2.51277, 2.2, 190.336
2.51277, 2.68, 137
2.51277, 3.16, 101.478
2.51277, 3.64, 77.5398
2.51277, 4.12, 55.2614
2.51277, 4.6, 50.06
2.51277, 5.08, 49.3768
2.51277, 5.56, 40.4782
2.51277, 6.04, 27.9695
2.51277, 6.52, 19.1356
2.51277, 7, 15.9949
2.51277, 7.48, 16.8232
2.51277, 7.96, 19.152
2.51277, 8.44, 21.2385
2.51277, 8.92, 22.2796
2.51277, 9.4, 22.1372
2.51277, 9.88, 21.0149
2.51277, 10.36, 19.2285
2.51277, 10.84, 17.0805
2.51277, 11.32, 14.808
2.51277, 11.8, 12.5706
2.51277, 12.28, 10.4559
2.51277, 12.76, 8.49341
2.51277, 13.24, 6.67893
2.51277, 13.72, 5.00939
2.51277, 14.2, 3.51409
2.51277, 14.68, 2.25668
2.51277, 15.16, 1.29979
2.51277, 15.64, 0.659727
2.51277, 16.12, 0.29092
2.51277, 16.6, 0.110232
2.51277, 17.08, 0.0355892
2.51277, 17.56, 0.00972836
2.51277, 18.04, 0.00224058
2.51277, 18.52, 0.000433171
2.51277, 19, 7.00916e-05
2.51277, 19.48, 9.47058e-06
2.51277, 19.96, 1.06656e-06
2.51277, 20.44, 9.99617e-08
2.51277, 20.92, 7.78717e-09
2.51277, 21.4, 5.03698e-10
2.51277, 21.88, 2.70288e-11
2.51277, 22.36, 1.20233e-12
2.51277, 22.84, 4.43091e-14
2.51277, 23.32, 1.35206e-15
2.51277, 23.8, 3.41459e-17
2.51277, 24.28, 7.13428e-19
2.51277, 24.76, 1.23278e-20
2.51865, 1.24, 478.171
2.51865, 1.72, 285.184
2.51865, 2.2, 190.191
2.51865, 2.68, 137.034
2.51865, 3.16, 101.362
2.51865, 3.64, 77.6489
2.51865, 4.12, 55.1738
2.51865, 4.6, 49.725
2.51865, 5.08, 49.3449
2.51865, 5.56, 40.748
2.51865, 6.04, 28.202
2.51865, 6.52, 19.1297
2.51865, 7, 15.7644
2.51865, 7.48, 16.4809
2.51865, 7.96, 18.8094
2.51865, 8.44, 20.9662
2.51865, 8.92, 22.1059
2.51865, 9.4, 22.0616
2.51865, 9.88, 21.0218
2.51865, 10.36, 19.2969
2.51865, 10.84, 17.1899
2.51865, 11.32, 14.9409
2.51865, 11.8, 12.7131
2.51865, 12.28, 10.5973
2.51865, 12.76, 8.62559
2.51865, 13.24, 6.79516
2.51865, 13.72, 5.10463
2.51865, 14.2, 3.58565
2.51865, 14.68, 2.30509
2.51865, 15.16, 1.32879
2.51865, 15.64, 0.674892
2.51865, 16.12, 0.297758
2.51865, 16.6, 0.112867
2.51865, 17.08, 0.0364512
2.51865, 17.56, 0.00996638
2.51865, 18.04, 0.00229584
2.51865, 18.52, 0.000443921
2.51865, 19, 7.18397e-05
2.51865, 19.48, 9.70774e-06
2.51865, 19.96, 1.09335e-06
2.51865, 20.44, 1.0248e-07
2.51865, 20.92, 7.98374e-09
2.51865, 21.4, 5.16435e-10
2.51865, 21.88, 2.77132e-11
2.51865, 22.36, 1.23281e-12
2.51865, 22.84, 4.54334e-14
2.51865, 23.32, 1.3864e-15
2.51865, 23.8, 3.50135e-17
2.51865, 24.28, 7.31563e-19
2.51865, 24.76, 1.26413e-20
2.52453, 1.24, 477.898
2.52453, 1.72, 285.01
2.52453, 2.2, 190.044
2.52453, 2.68, 137.072
2.52453, 3.16, 101.246
2.52453, 3.64, 77.754
2.52453, 4.12, 55.1068
2.52453, 4.6, 49.4007
2.52453, 5.08, 49.3085
2.52453, 5.56, 41.0163
2.52453, 6.04, 28.4416
2.52453, 6.52, 19.1339
2.52453, 7, 15.5409
2.52453, 7.48, 16.1401
2.52453, 7.96, 18.4634
2.52453, 8.44, 20.6869
2.52453, 8.92, 21.9236
2.52453, 9.4, 21.9773
2.52453, 9.88, 21.0206
2.52453, 10.36, 19.3583
2.52453, 10.84, 17.2935
2.52453, 11.32, 15.0691
2.52453, 11.8, 12.852
2.52453, 12.28, 10.7362
2.52453, 12.76, 8.75591
2.52453, 13.24, 6.91016
2.52453, 13.72, 5.19908
2.52453, 14.2, 3.65674
2.52453, 14.68, 2.35327
2.52453, 15.16, 1.35768
2.52453, 15.64, 0.690008
2.52453, 16.12, 0.304577
2.52453, 16.6, 0.115497
2.52453, 17.08, 0.0373116
2.52453, 17.56, 0.010204
2.52453, 18.04, 0.00235101
2.52453, 18.52, 0.000454656
2.52453, 19, 7.35858e-05
2.52453, 19.48, 9.94464e-06
2.52453, 19.96, 1.12012e-06
2.52453, 20.44, 1.04995e-07
2.52453, 20.92, 8.18013e-09
2.52453, 21.4, 5.29161e-10
2.52453, 21.88, 2.8397e-11
2.52453, 22.36, 1.26327e-12
2.52453, 22.84, 4.65568e-14
2.52453, 23.32, 1.4207e-15
2.52453, 23.8, 3.58805e-17
2.52453, 24.28, 7.49686e-19
2.52453, 24.76, 1.29546e-20
2.53042, 1.24, 477.61
2.53042, 1.72, 284.833
2.53042, 2.2, 189.896
2.53042, 2.68, 137.114
2.53042, 3.16, 101.13
2.53042, 3.64, 77.8541
2.53042, 4.12, 55.0592
2.53042, 4.6, 49.0875
2.53042, 5.08, 49.2683
2.53042, 5.56, 41.2833
2.53042, 6.04, 28.6882
2.53042, 6.52, 19.1484
2.53042, 7, 15.325
2.53042, 7.48, 15.8016
2.53042, 7.96, 18.1145
2.53042, 8.44, 20.4013
2.53042, 8.92, 21.7332
2.53042, 9.4, 21.8844
2.53042, 9.88, 21.0113
2.53042, 10.36, 19.4126
2.53042, 10.84, 17.3912
2.53042, 11.32, 15.1926
2.53042, 11.8, 12.9873
2.53042, 12.28, 10.8723
2.53042, 12.76, 8.88432
2.53042, 13.24, 7.02385
2.53042, 13.72, 5.29271
2.53042, 14.2, 3.72735
2.53042, 14.68, 2.40117
2.53042, 15.16, 1.38644
2.53042, 15.64, 0.705066
2.53042, 16.12, 0.311375
2.53042, 16.6, 0.118119
2.53042, 17.08, 0.0381697
2.53042, 17.56, 0.0104411
2.53042, 18.04, 0.00240608
2.53042, 18.52, 0.000465371
2.53042, 19, 7.53287e-05
2.53042, 19.48, 1.01811e-05
2.53042, 19.96, 1.14685e-06
2.53042, 20.44, 1.07507e-07
2.53042, 20.92, 8.37623e-09
2.53042, 21.4, 5.41868e-10
2.53042, 21.88, 2.908e-11
2.53042, 22.36, 1.29368e-12
2.53042, 22.84, 4.76788e-14
2.53042, 23.32, 1.45497e-15
2.53042, 23.8, 3.67463e-17
2.53042, 24.28, 7.67785e-19
2.53042, 24.76, 1.32675e-20
2.5363, 1.24, 477.304
2.5363, 1.72, 284.654
2.5363, 2.2, 189.747
2.5363, 2.68, 137.16
2.5363, 3.16, 101.016
2.5363, 3.64, 77.9485
2.5363, 4.12, 55.0299
2.5363, 4.6, 48.7854
2.5363, 5.08, 49.2246
2.5363, 5.56, 41.549
2.5363, 6.04, 28.9419
2.5363, 6.52, 19.1735
2.5363, 7, 15.1171
2.5363, 7.48, 15.4658
2.5363, 7.96, 17.7633
2.5363, 8.44, 20.1098
2.5363, 8.92, 21.535
2.5363, 9.4, 21.7832
2.5363, 9.88, 20.9941
2.5363, 10.36, 19.46
2.5363, 10.84, 17.483
2.5363, 11.32, 15.3115
2.5363, 11.8, 13.119
2.5363, 12.28, 11.0058
2.5363, 12.76, 9.01078
2.5363, 13.24, 7.1362
2.5363, 13.72, 5.38547
2.5363, 14.2, 3.79743
2.5363, 14.68, 2.44879
2.5363, 15.16, 1.41506
2.5363, 15.64, 0.720059
2.5363, 16.12, 0.318147
2.5363, 16.6, 0.120732
2.5363, 17.08, 0.0390253
2.5363, 17.56, 0.0106775
2.5363, 18.04, 0.00246099
2.5363, 18.52, 0.000476061
2.5363, 19, 7.70677e-05
2.5363, 19.48, 1.04171e-05
2.5363, 19.96, 1.17352e-06
2.5363, 20.44, 1.10013e-07
2.5363, 20.92, 8.57194e-09
2.5363, 21.4, 5.54551e-10
2.5363, 21.88, 2.97615e-11
2.5363, 22.36, 1.32404e-12
2.5363, 22.84, 4.87986e-14
2.5363, 23.32, 1.48916e-15
2.5363, 23.8, 3.76105e-17
2.5363, 24.28, 7.85851e-19
2.5363, 24.76, 1.35798e-20
2.54219, 1.24, 476.981
2.54219, 1.72, 284.474
2.54219, 2.2, 189.598
2.54219, 2.68, 137.209
2.54219, 3.16, 100.905
2.54219, 3.64, 78.0366
2.54219, 4.12, 55.0176
2.54219, 4.6, 48.4946
2.54219, 5.08, 49.1777
2.54219, 5.56, 41.8134
2.54219, 6.04, 29.2026
2.54219, 6.52, 19.2093
2.54219, 7, 14.9177
2.54219, 7.48, 15.1335
2.54219, 7.96, 17.4103
2.54219, 8.44, 19.8129
2.54219, 8.92, 21.3295
2.54219, 9.4, 21.674
2.54219, 9.88, 20.9693
2.54219, 10.36, 19.5005
2.54219, 10.84, 17.5691
2.54219, 11.32, 15.4257
2.54219, 11.8, 13.247
2.54219, 12.28, 11.1365
2.54219, 12.76, 9.13524
2.54219, 13.24, 7.24718
2.54219, 13.72, 5.47732
2.54219, 14.2, 3.86696
2.54219, 14.68, 2.49609
2.54219, 15.16, 1.44351
2.54219, 15.64, 0.73498
2.54219, 16.12, 0.32489
2.54219, 16.6, 0.123335
2.54219, 17.08, 0.0398779
2.54219, 17.56, 0.0109132
2.54219, 18.04, 0.00251574
2.54219, 18.52, 0.000486718
2.54219, 19, 7.88017e-05
2.54219, 19.48, 1.06524e-05
2.54219, 19.96, 1.20011e-06
2.54219, 20.44, 1.12513e-07
2.54219, 20.92, 8.76715e-09
2.54219, 21.4, 5.67202e-10
2.54219, 21.88, 3.04414e-11
2.54219, 22.36, 1.35432e-12
2.54219, 22.84, 4.99157e-14
2.54219, 23.32, 1.52328e-15
2.54219, 23.8, 3.84727e-17
2.54219, 24.28, 8.03874e-19
2.54219, 24.76, 1.38913e-20
2.54807, 1.24, 476.64
2.54807, 1.72, 284.293
2.54807, 2.2, 189.451
2.54807, 2.68, 137.261
2.54807, 3.16, 100.796
2.54807, 3.64, 78.118
2.54807, 4.12, 55.0211
2.54807, 4.6, 48.2149
2.54807, 5.08, 49.1278
2.54807, 5.56, 42.0765
2.54807, 6.04, 29.4705
2.54807, 6.52, 19.2561
2.54807, 7, 14.7274
2.54807, 7.48, 14.8051
2.54807, 7.96, 17.0563
2.54807, 8.44, 19.5112
2.54807, 8.92, 21.1171
2.54807, 9.4, 21.5572
2.54807, 9.88, 20.9371
2.54807, 10.36, 19.5343
2.54807, 10.84, 17.6496
2.54807, 11.32, 15.5352
2.54807, 11.8, 13.3714
2.54807, 12.28, 11.2644
2.54807, 12.76, 9.25768
2.54807, 13.24, 7.35674
2.54807, 13.72, 5.56824
2.54807, 14.2, 3.9359
2.54807, 14.68, 2.54307
2.54807, 15.16, 1.4718
2.54807, 15.64, 0.749822
2.54807, 16.12, 0.331602
2.54807, 16.6, 0.125927
2.54807, 17.08, 0.040727
2.54807, 17.56, 0.0111479
2.54807, 18.04, 0.00257029
2.54807, 18.52, 0.000497339
2.54807, 19, 8.053e-05
2.54807, 19.48, 1.0887e-05
2.54807, 19.96, 1.22663e-06
2.54807, 20.44, 1.15006e-07
2.54807, 20.92, 8.96177e-09
2.54807, 21.4, 5.79815e-10
2.54807, 21.88, 3.11193e-11
2.54807, 22.36, 1.38452e-12
2.54807, 22.84, 5.10296e-14
2.54807, 23.32, 1.5573e-15
2.54807, 23.8, 3.93324e-17
2.54807, 24.28, 8.21845e-19
2.54807, 24.76, 1.4202e-20
2.55396, 1.24, 476.281
2.55396, 1.72, 284.113
2.55396, 2.2, 189.305
2.55396, 2.68, 137.316
2.55396, 3.16, 100.691
2.55396, 3.64, 78.1921
2.55396, 4.12, 55.039
2.55396, 4.6, 47.9461
2.55396, 5.08, 49.0749
2.55396, 5.56, 42.3381
2.55396, 6.04, 29.7453
2.55396, 6.52, 19.3142
2.55396, 7, 14.5465
2.55396, 7.48, 14.4814
2.55396, 7.96, 16.7019
2.55396, 8.44, 19.2053
2.55396, 8.92, 20.8982
2.55396, 9.4, 21.4331
2.55396, 9.88, 20.8976
2.55396, 10.36, 19.5617
2.55396, 10.84, 17.7244
2.55396, 11.32, 15.6402
2.55396, 11.8, 13.4921
2.55396, 12.28, 11.3896
2.55396, 12.76, 9.37809
2.55396, 13.24, 7.46486
2.55396, 13.72, 5.6582
2.55396, 14.2, 4.00425
2.55396, 14.68, 2.58969
2.55396, 15.16, 1.4999
2.55396, 15.64, 0.76458
2.55396, 16.12, 0.338278
2.55396, 16.6, 0.128506
2.55396, 17.08, 0.0415724
2.55396, 17.56, 0.0113817
2.55396, 18.04, 0.00262463
2.55396, 18.52, 0.000507919
2.55396, 19, 8.22518e-05
2.55396, 19.48, 1.11207e-05
2.55396, 19.96, 1.25305e-06
2.55396, 20.44, 1.17489e-07
2.55396, 20.92, 9.15572e-09
2.55396, 21.4, 5.92385e-10
2.55396, 21.88, 3.1795e-11
2.55396, 22.36, 1.41461e-12
2.55396, 22.84, 5.21398e-14
2.55396, 23.32, 1.5912e-15
2.55396, 23.8, 4.01892e-17
2.55396, 24.28, 8.39758e-19
2.55396, 24.76, 1.45117e-20
2.55984, 1.24, 475.902
2.55984, 1.72, 283.934
2.55984, 2.2, 189.163
2.55984, 2.68, 137.372
2.55984, 3.16, 100.591
2.55984, 3.64, 78.259
2.55984, 4.12, 55.0701
2.55984, 4.6, 47.6876
2.55984, 5.08, 49.0189
2.55984, 5.56, 42.5981
2.55984, 6.04, 30.027
2.55984, 6.52, 19.3838
2.55984, 7, 14.3757
2.55984, 7.48, 14.163
2.55984, 7.96, 16.3477
2.55984, 8.44, 18.8957
2.55984, 8.92, 20.6733
2.55984, 9.4, 21.3022
2.55984, 9.88, 20.8513
2.55984, 10.36, 19.5827
2.55984, 10.84, 17.7938
2.55984, 11.32, 15.7406
2.55984, 11.8, 13.6093
2.55984, 12.28, 11.5119
2.55984, 12.76, 9.49645
2.55984, 13.24, 7.57153
2.55984, 13.72, 5.74717
2.55984, 14.2, 4.07197
2.55984, 14.68, 2.63596
2.55984, 15.16, 1.52781
2.55984, 15.64, 0.779249
2.55984, 16.12, 0.344918
2.55984, 16.6, 0.131073
2.55984, 17.08, 0.0424137
2.55984, 17.56, 0.0116144
2.55984, 18.04, 0.00267872
2.55984, 18.52, 0.000518455
2.55984, 19, 8.39665e-05
2.55984, 19.48, 1.13535e-05
2.55984, 19.96, 1.27936e-06
2.55984, 20.44, 1.19963e-07
2.55984, 20.92, 9.34892e-09
2.55984, 21.4, 6.04907e-10
2.55984, 21.88, 3.2468e-11
2.55984, 22.36, 1.44459e-12
2.55984, 22.84, 5.32458e-14
2.55984, 23.32, 1.62498e-15
2.55984, 23.8, 4.10429e-17
2.55984, 24.28, 8.57604e-19
2.55984, 24.76, 1.48202e-20
2.56573, 1.24, 475.503
2.56573, 1.72, 283.758
2.56573, 2.2, 189.023
2.56573, 2.68, 137.43
2.56573, 3.16, 100.496
2.56573, 3.64, 78.3184
2.56573, 4.12, 55.1131
2.56573, 4.6, 47.4391
2.56573, 5.08, 48.9597
2.56573, 5.56, 42.8563
2.56573, 6.04, 30.3155
2.56573, 6.52, 19.4649
2.56573, 7, 14.2152
2.56573, 7.48, 13.8504
2.56573, 7.96, 15.9944
2.56573, 8.44, 18.583
2.56573, 8.92, 20.443
2.56573, 9.4, 21.1646
2.56573, 9.88, 20.7984
2.56573, 10.36, 19.5976
2.56573, 10.84, 17.8578
2.56573, 11.32, 15.8366
2.56573, 11.8, 13.7229
2.56573, 12.28, 11.6316
2.56573, 12.76, 9.61275
2.56573, 13.24, 7.67673
2.56573, 13.72, 5.83515
2.56573, 14.2, 4.13906
2.56573, 14.68, 2.68185
2.56573, 15.16, 1.55553
2.56573, 15.64, 0.793824
2.56573, 16.12, 0.351519
2.56573, 16.6, 0.133625
2.56573, 17.08, 0.0432506
2.56573, 17.56, 0.011846
2.56573, 18.04, 0.00273256
2.56573, 18.52, 0.000528941
2.56573, 19, 8.56735e-05
2.56573, 19.48, 1.15853e-05
2.56573, 19.96, 1.30556e-06
2.56573, 20.44, 1.22426e-07
2.56573, 20.92, 9.54131e-09
2.56573, 21.4, 6.17377e-10
2.56573, 21.88, 3.31383e-11
2.56573, 22.36, 1.47445e-12
2.56573, 22.84, 5.43473e-14
2.56573, 23.32, 1.65862e-15
2.56573, 23.8, 4.18931e-17
2.56573, 24.28, 8.75378e-19
2.56573, 24.76, 1.51274e-20
2.57161, 1.24, 475.083
2.57161, 1.72, 283.585
2.57161, 2.2, 188.889
2.57161, 2.68, 137.488
2.57161, 3.16, 100.407
2.57161, 3.64, 78.3704
2.57161, 4.12, 55.1666
2.57161, 4.6, 47.1999
2.57161, 5.08, 48.8971
2.57161, 5.56, 43.1121
2.57161, 6.04, 30.6105
2.57161, 6.52, 19.5577
2.57161, 7, 14.0656
2.57161, 7.48, 13.5444
2.57161, 7.96, 15.6426
2.57161, 8.44, 18.268
2.57161, 8.92, 20.2078
2.57161, 9.4, 21.021
2.57161, 9.88, 20.7391
2.57161, 10.36, 19.6066
2.57161, 10.84, 17.9167
2.57161, 11.32, 15.9283
2.57161, 11.8, 13.833
2.57161, 12.28, 11.7485
2.57161, 12.76, 9.72701
2.57161, 13.24, 7.78045
2.57161, 13.72, 5.92211
2.57161, 14.2, 4.2055
2.57161, 14.68, 2.72736
2.57161, 15.16, 1.58303
2.57161, 15.64, 0.808301
2.57161, 16.12, 0.358079
2.57161, 16.6, 0.136163
2.57161, 17.08, 0.044083
2.57161, 17.56, 0.0120763
2.57161, 18.04, 0.00278612
2.57161, 18.52, 0.000539376
2.57161, 19, 8.73723e-05
2.57161, 19.48, 1.18159e-05
2.57161, 19.96, 1.33164e-06
2.57161, 20.44, 1.24878e-07
2.57161, 20.92, 9.73281e-09
2.57161, 21.4, 6.29791e-10
2.57161, 21.88, 3.38055e-11
2.57161, 22.36, 1.50417e-12
2.57161, 22.84, 5.54439e-14
2.57161, 23.32, 1.69212e-15
2.57161, 23.8, 4.27396e-17
2.57161, 24.28, 8.93074e-19
2.57161, 24.76, 1.54334e-20
2.57749, 1.24, 474.642
2.57749, 1.72, 283.416
2.57749, 2.2, 188.76
2.57749, 2.68, 137.546
2.57749, 3.16, 100.325
2.57749, 3.64, 78.4152
2.57749, 4.12, 55.2295
2.57749, 4.6, 46.9693
2.57749, 5.08, 48.8305
2.57749, 5.56, 43.3653
2.57749, 6.04, 30.9117
2.57749, 6.52, 19.6622
2.57749, 7, 13.9273
2.57749, 7.48, 13.2456
2.57749, 7.96, 15.2931
2.57749, 8.44, 17.9512
2.57749, 8.92, 19.9682
2.57749, 9.4, 20.8718
2.57749, 9.88, 20.6739
2.57749, 10.36, 19.6099
2.57749, 10.84, 17.9705
2.57749, 11.32, 16.0157
2.57749, 11.8, 13.9397
2.57749, 12.28, 11.8627
2.57749, 12.76, 9.83923
2.57749, 13.24, 7.88269
2.57749, 13.72, 6.00805
2.57749, 14.2, 4.27129
2.57749, 14.68, 2.77247
2.57749, 15.16, 1.61033
2.57749, 15.64, 0.822677
2.57749, 16.12, 0.364597
2.57749, 16.6, 0.138685
2.57749, 17.08, 0.0449105
2.57749, 17.56, 0.0123054
2.57749, 18.04, 0.0028394
2.57749, 18.52, 0.000549756
2.57749, 19, 8.90623e-05
2.57749, 19.48, 1.20454e-05
2.57749, 19.96, 1.35759e-06
2.57749, 20.44, 1.27318e-07
2.57749, 20.92, 9.92339e-09
2.57749, 21.4, 6.42144e-10
2.57749, 21.88, 3.44696e-11
2.57749, 22.36, 1.53375e-12
2.57749, 22.84, 5.65353e-14
2.57749, 23.32, 1.72545e-15
2.57749, 23.8, 4.3582e-17
2.57749, 24.28, 9.10686e-19
2.57749, 24.76, 1.57378e-20
2.58338, 1.24, 474.179
2.58338, 1.72, 283.254
2.58338, 2.2, 188.639
2.58338, 2.68, 137.605
2.58338, 3.16, 100.249
2.58338, 3.64, 78.4532
2.58338, 4.12, 55.3005
2.58338, 4.6, 46.7465
2.58338, 5.08, 48.7597
2.58338, 5.56, 43.6154
2.58338, 6.04, 31.2188
2.58338, 6.52, 19.7786
2.58338, 7, 13.8006
2.58338, 7.48, 12.9544
2.58338, 7.96, 14.9465
2.58338, 8.44, 17.6332
2.58338, 8.92, 19.7248
2.58338, 9.4, 20.7173
2.58338, 9.88, 20.6031
2.58338, 10.36, 19.6078
2.58338, 10.84, 18.0195
2.58338, 11.32, 16.099
2.58338, 11.8, 14.043
2.58338, 12.28, 11.9743
2.58338, 12.76, 9.94943
2.58338, 13.24, 7.98346
2.58338, 13.72, 6.09298
2.58338, 14.2, 4.3364
2.58338, 14.68, 2.81719
2.58338, 15.16, 1.63742
2.58338, 15.64, 0.83695
2.58338, 16.12, 0.371071
2.58338, 16.6, 0.141191
2.58338, 17.08, 0.0457331
2.58338, 17.56, 0.0125331
2.58338, 18.04, 0.00289237
2.58338, 18.52, 0.000560079
2.58338, 19, 9.07432e-05
2.58338, 19.48, 1.22737e-05
2.58338, 19.96, 1.3834e-06
2.58338, 20.44, 1.29746e-07
2.58338, 20.92, 1.0113e-08
2.58338, 21.4, 6.54435e-10
2.58338, 21.88, 3.51303e-11
2.58338, 22.36, 1.56318e-12
2.58338, 22.84, 5.76212e-14
2.58338, 23.32, 1.75862e-15
2.58338, 23.8, 4.44203e-17
2.58338, 24.28, 9.28211e-19
2.58338, 24.76, 1.60408e-20
2.58926, 1.24, 473.693
2.58926, 1.72, 283.099
2.58926, 2.2, 188.525
2.58926, 2.68, 137.662
2.58926, 3.16, 100.181
2.58926, 3.64, 78.4847
2.58926, 4.12, 55.3786
2.58926, 4.6, 46.5307
2.58926, 5.08, 48.6839
2.58926, 5.56, 43.8617
2.58926, 6.04, 31.5314
2.58926, 6.52, 19.9067
2.58926, 7, 13.6859
2.58926, 7.48, 12.6716
2.58926, 7.96, 14.6034
2.58926, 8.44, 17.3147
2.58926, 8.92, 19.4781
2.58926, 9.4, 20.558
2.58926, 9.88, 20.5269
2.58926, 10.36, 19.6005
2.58926, 10.84, 18.0639
2.58926, 11.32, 16.1784
2.58926, 11.8, 14.143
2.58926, 12.28, 12.0833
2.58926, 12.76, 10.0576
2.58926, 13.24, 8.08276
2.58926, 13.72, 6.17687
2.58926, 14.2, 4.40085
2.58926, 14.68, 2.86151
2.58926, 15.16, 1.66428
2.58926, 15.64, 0.851117
2.58926, 16.12, 0.377501
2.58926, 16.6, 0.143681
2.58926, 17.08, 0.0465505
2.58926, 17.56, 0.0127594
2.58926, 18.04, 0.00294504
2.58926, 18.52, 0.000570343
2.58926, 19, 9.24147e-05
2.58926, 19.48, 1.25007e-05
2.58926, 19.96, 1.40908e-06
2.58926, 20.44, 1.3216e-07
2.58926, 20.92, 1.03016e-08
2.58926, 21.4, 6.66661e-10
2.58926, 21.88, 3.57875e-11
2.58926, 22.36, 1.59246e-12
2.58926, 22.84, 5.87014e-14
2.58926, 23.32, 1.79161e-15
2.58926, 23.8, 4.52542e-17
2.58926, 24.28, 9.45645e-19
2.58926, 24.76, 1.63422e-20
2.59515, 1.24, 473.183
2.59515, 1.72, 282.953
2.59515, 2.2, 188.421
2.59515, 2.68, 137.717
2.59515, 3.16, 100.121
2.59515, 3.64, 78.5102
2.59515, 4.12, 55.4627
2.59515, 4.6, 46.321
2.59515, 5.08, 48.6026
2.59515, 5.56, 44.1036
2.59515, 6.04, 31.849
2.59515, 6.52, 20.0464
2.59515, 7, 13.5834
2.59515, 7.48, 12.3976
2.59515, 7.96, 14.2646
2.59515, 8.44, 16.9964
2.59515, 8.92, 19.2286
2.59515, 9.4, 20.3945
2.59515, 9.88, 20.4458
2.59515, 10.36, 19.5884
2.59515, 10.84, 18.1037
2.59515, 11.32, 16.2538
2.59515, 11.8, 14.2398
2.59515, 12.28, 12.1897
2.59515, 12.76, 10.1639
2.59515, 13.24, 8.18061
2.59515, 13.72, 6.25975
2.59515, 14.2, 4.46463
2.59515, 14.68, 2.90542
2.59515, 15.16, 1.69093
2.59515, 15.64, 0.865177
2.59515, 16.12, 0.383884
2.59515, 16.6, 0.146154
2.59515, 17.08, 0.0473626
2.59515, 17.56, 0.0129844
2.59515, 18.04, 0.00299739
2.59515, 18.52, 0.000580546
2.59515, 19, 9.40765e-05
2.59515, 19.48, 1.27264e-05
2.59515, 19.96, 1.4346e-06
2.59515, 20.44, 1.34561e-07
2.59515, 20.92, 1.04891e-08
2.59515, 21.4, 6.78819e-10
2.59515, 21.88, 3.64411e-11
2.59515, 22.36, 1.62158e-12
2.59515, 22.84, 5.97758e-14
2.59515, 23.32, 1.82443e-15
2.59515, 23.8, 4.60836e-17
2.59515, 24.28, 9.62984e-19
2.59515, 24.76, 1.6642e-20
2.60103, 1.24, 472.65
2.60103, 1.72, 282.818
2.60103, 2.2, 188.327
2.60103, 2.68, 137.77
2.60103, 3.16, 100.069
2.60103, 3.64, 78.5305
2.60103, 4.12, 55.5519
2.60103, 4.6, 46.1166
2.60103, 5.08, 48.5151
2.60103, 5.56, 44.3404
2.60103, 6.04, 32.1711
2.60103, 6.52, 20.1977
2.60103, 7, 13.4934
2.60103, 7.48, 12.1329
2.60103, 7.96, 13.9305
2.60103, 8.44, 16.6787
2.60103, 8.92, 18.9771
2.60103, 9.4, 20.227
2.60103, 9.88, 20.3602
2.60103, 10.36, 19.5716
2.60103, 10.84, 18.1393
2.60103, 11.32, 16.3256
2.60103, 11.8, 14.3335
2.60103, 12.28, 12.2936
2.60103, 12.76, 10.2682
2.60103, 13.24, 8.27702
2.60103, 13.72, 6.34161
2.60103, 14.2, 4.52774
2.60103, 14.68, 2.94893
2.60103, 15.16, 1.71735
2.60103, 15.64, 0.879128
2.60103, 16.12, 0.390222
2.60103, 16.6, 0.14861
2.60103, 17.08, 0.0481694
2.60103, 17.56, 0.0132079
2.60103, 18.04, 0.00304941
2.60103, 18.52, 0.000590687
2.60103, 19, 9.57283e-05
2.60103, 19.48, 1.29508e-05
2.60103, 19.96, 1.45998e-06
2.60103, 20.44, 1.36947e-07
2.60103, 20.92, 1.06756e-08
2.60103, 21.4, 6.90907e-10
2.60103, 21.88, 3.7091e-11
2.60103, 22.36, 1.65053e-12
2.60103, 22.84, 6.08441e-14
2.60103, 23.32, 1.85706e-15
2.60103, 23.8, 4.69083e-17
2.60103, 24.28, 9.80226e-19
2.60103, 24.76, 1.69401e-20
2.60692, 1.24, 472.093
2.60692, 1.72, 282.696
2.60692, 2.2, 188.245
2.60692, 2.68, 137.82
2.60692, 3.16, 100.025
2.60692, 3.64, 78.5463
2.60692, 4.12, 55.6454
2.60692, 4.6, 45.9165
2.60692, 5.08, 48.4207
2.60692, 5.56, 44.5713
2.60692, 6.04, 32.4971
2.60692, 6.52, 20.3602
2.60692, 7, 13.4161
2.60692, 7.48, 11.878
2.60692, 7.96, 13.6018
2.60692, 8.44, 16.3624
2.60692, 8.92, 18.7238
2.60692, 9.4, 20.0562
2.60692, 9.88, 20.2704
2.60692, 10.36, 19.5505
2.60692, 10.84, 18.1708
2.60692, 11.32, 16.3937
2.60692, 11.8, 14.4242
2.60692, 12.28, 12.3951
2.60692, 12.76, 10.3706
2.60692, 13.24, 8.37202
2.60692, 13.72, 6.42247
2.60692, 14.2, 4.59018
2.60692, 14.68, 2.99202
2.60692, 15.16, 1.74354
2.60692, 15.64, 0.89297
2.60692, 16.12, 0.396513
2.60692, 16.6, 0.151049
2.60692, 17.08, 0.0489707
2.60692, 17.56, 0.0134299
2.60692, 18.04, 0.00310109
2.60692, 18.52, 0.000600764
2.60692, 19, 9.73699e-05
2.60692, 19.48, 1.31738e-05
2.60692, 19.96, 1.4852e-06
2.60692, 20.44, 1.3932e-07
2.60692, 20.92, 1.08609e-08
2.60692, 21.4, 7.02924e-10
2.60692, 21.88, 3.7737e-11
2.60692, 22.36, 1.67931e-12
2.60692, 22.84, 6.19061e-14
2.60692, 23.32, 1.8895e-15
2.60692, 23.8, 4.77282e-17
2.60692, 24.28, 9.97368e-19
2.60692, 24.76, 1.72364e-20
2.6128, 1.24, 471.511
2.6128, 1.72, 282.587
2.6128, 2.2, 188.175
2.6128, 2.68, 137.866
2.6128, 3.16, 99.99
2.6128, 3.64, 78.5583
2.6128, 4.12, 55.7425
2.6128, 4.6, 45.7199
2.6128, 5.08, 48.3186
2.6128, 5.56, 44.7955
2.6128, 6.04, 32.8262
2.6128, 6.52, 20.5337
2.6128, 7, 13.3515
2.6128, 7.48, 11.6332
2.6128, 7.96, 13.2791
2.6128, 8.44, 16.0481
2.6128, 8.92, 18.4695
2.6128, 9.4, 19.8824
2.6128, 9.88, 20.1767
2.6128, 10.36, 19.5254
2.6128, 10.84, 18.1985
2.6128, 11.32, 16.4584
2.6128, 11.8, 14.512
2.6128, 12.28, 12.4942
2.6128, 12.76, 10.4711
2.6128, 13.24, 8.46561
2.6128, 13.72, 6.50233
2.6128, 14.2, 4.65195
2.6128, 14.68, 3.03471
2.6128, 15.16, 1.76951
2.6128, 15.64, 0.9067
2.6128, 16.12, 0.402756
2.6128, 16.6, 0.15347
2.6128, 17.08, 0.0497665
2.6128, 17.56, 0.0136505
2.6128, 18.04, 0.00315244
2.6128, 18.52, 0.000610776
2.6128, 19, 9.90011e-05
2.6128, 19.48, 1.33954e-05
2.6128, 19.96, 1.51027e-06
2.6128, 20.44, 1.41678e-07
2.6128, 20.92, 1.10451e-08
2.6128, 21.4, 7.14868e-10
2.6128, 21.88, 3.83792e-11
2.6128, 22.36, 1.70792e-12
2.6128, 22.84, 6.29618e-14
2.6128, 23.32, 1.92174e-15
2.6128, 23.8, 4.85432e-17
2.6128, 24.28, 1.01441e-18
2.6128, 24.76, 1.7531e-20
2.61868, 1.24, 470.903
2.61868, 1.72, 282.494
2.61868, 2.2, 188.12
2.61868, 2.68, 137.908
2.61868, 3.16, 99.9636
2.61868, 3.64, 78.5676
2.61868, 4.12, 55.8426
2.61868, 4.6, 45.526
2.61868, 5.08, 48.2079
2.61868, 5.56, 45.0121
2.61868, 6.04, 33.1578
2.61868, 6.52, 20.7179
2.61868, 7, 13.2998
2.61868, 7.48, 11.3991
2.61868, 7.96, 12.9628
2.61868, 8.44, 15.7361
2.61868, 8.92, 18.2146
2.61868, 9.4, 19.7062
2.61868, 9.88, 20.0795
2.61868, 10.36, 19.4964
2.61868, 10.84, 18.2225
2.61868, 11.32, 16.5199
2.61868, 11.8, 14.597
2.61868, 12.28, 12.591
2.61868, 12.76, 10.5699
2.61868, 13.24, 8.55783
2.61868, 13.72, 6.5812
2.61868, 14.2, 4.71306
2.61868, 14.68, 3.07699
2.61868, 15.16, 1.79526
2.61868, 15.64, 0.92032
2.61868, 16.12, 0.408952
2.61868, 16.6, 0.155874
2.61868, 17.08, 0.0505566
2.61868, 17.56, 0.0138695
2.61868, 18.04, 0.00320344
2.61868, 18.52, 0.000620723
2.61868, 19, 0.000100622
2.61868, 19.48, 1.36156e-05
2.61868, 19.96, 1.53518e-06
2.61868, 20.44, 1.44021e-07
2.61868, 20.92, 1.12282e-08
2.61868, 21.4, 7.26738e-10
2.61868, 21.88, 3.90174e-11
2.61868, 22.36, 1.73636e-12
2.61868, 22.84, 6.4011e-14
2.61868, 23.32, 1.95379e-15
2.61868, 23.8, 4.93533e-17
2.61868, 24.28, 1.03134e-18
2.61868, 24.76, 1.78238e-20
2.62457, 1.24, 470.268
2.62457, 1.72, 282.42
2.62457, 2.2, 188.08
2.62457, 2.68, 137.946
2.62457, 3.16, 99.946
2.62457, 3.64, 78.575
2.62457, 4.12, 55.9453
2.62457, 4.6, 45.3339
2.62457, 5.08, 48.088
2.62457, 5.56, 45.2202
2.62457, 6.04, 33.4911
2.62457, 6.52, 20.9122
2.62457, 7, 13.2609
2.62457, 7.48, 11.1757
2.62457, 7.96, 12.6534
2.62457, 8.44, 15.4272
2.62457, 8.92, 17.9597
2.62457, 9.4, 19.5278
2.62457, 9.88, 19.9792
2.62457, 10.36, 19.4639
2.62457, 10.84, 18.243
2.62457, 11.32, 16.5781
2.62457, 11.8, 14.6793
2.62457, 12.28, 12.6855
2.62457, 12.76, 10.6668
2.62457, 13.24, 8.6487
2.62457, 13.72, 6.6591
2.62457, 14.2, 4.77351
2.62457, 14.68, 3.11887
2.62457, 15.16, 1.82077
2.62457, 15.64, 0.933828
2.62457, 16.12, 0.415099
2.62457, 16.6, 0.158259
2.62457, 17.08, 0.0513411
2.62457, 17.56, 0.014087
2.62457, 18.04, 0.0032541
2.62457, 18.52, 0.000630603
2.62457, 19, 0.000102232
2.62457, 19.48, 1.38344e-05
2.62457, 19.96, 1.55993e-06
2.62457, 20.44, 1.46349e-07
2.62457, 20.92, 1.14101e-08
2.62457, 21.4, 7.38533e-10
2.62457, 21.88, 3.96516e-11
2.62457, 22.36, 1.76461e-12
2.62457, 22.84, 6.50536e-14
2.62457, 23.32, 1.98564e-15
2.62457, 23.8, 5.01583e-17
2.62457, 24.28, 1.04818e-18
2.62457, 24.76, 1.81148e-20
2.63045, 1.24, 469.608
2.63045, 1.72, 282.365
2.63045, 2.2, 188.057
2.63045, 2.68, 137.978
2.63045, 3.16, 99.9369
2.63045, 3.64, 78.5817
2.63045, 4.12, 56.0504
2.63045, 4.6, 45.1429
2.63045, 5.08, 47.9579
2.63045, 5.56, 45.4189
2.63045, 6.04, 33.8252
2.63045, 6.52, 21.1162
2.63045, 7, 13.2348
2.63045, 7.48, 10.9635
2.63045, 7.96, 12.3514
2.63045, 8.44, 15.1217
2.63045, 8.92, 17.7051
2.63045, 9.4, 19.3478
2.63045, 9.88, 19.8761
2.63045, 10.36, 19.4282
2.63045, 10.84, 18.2603
2.63045, 11.32, 16.6334
2.63045, 11.8, 14.7589
2.63045, 12.28, 12.7779
2.63045, 12.76, 10.762
2.63045, 13.24, 8.73823
2.63045, 13.72, 6.73603
2.63045, 14.2, 4.83331
2.63045, 14.68, 3.16033
2.63045, 15.16, 1.84606
2.63045, 15.64, 0.947224
2.63045, 16.12, 0.421199
2.63045, 16.6, 0.160627
2.63045, 17.08, 0.0521199
2.63045, 17.56, 0.014303
2.63045, 18.04, 0.0033044
2.63045, 18.52, 0.000640415
2.63045, 19, 0.000103831
2.63045, 19.48, 1.40517e-05
2.63045, 19.96, 1.58452e-06
2.63045, 20.44, 1.48662e-07
2.63045, 20.92, 1.15908e-08
2.63045, 21.4, 7.50251e-10
2.63045, 21.88, 4.02816e-11
2.63045, 22.36, 1.79268e-12
2.63045, 22.84, 6.60895e-14
2.63045, 23.32, 2.01728e-15
2.63045, 23.8, 5.09581e-17
2.63045, 24.28, 1.0649e-18
2.63045, 24.76, 1.84039e-20
2.63634, 1.24, 468.92
2.63634, 1.72, 282.331
2.63634, 2.2, 188.051
2.63634, 2.68, 138.003
2.63634, 3.16, 99.9363
2.63634, 3.64, 78.5885
2.63634, 4.12, 56.1575
2.63634, 4.6, 44.9525
2.63634, 5.08, 47.817
2.63634, 5.56, 45.6072
2.63634, 6.04, 34.1592
2.63634, 6.52, 21.3295
2.63634, 7, 13.2213
2.63634, 7.48, 10.7626
2.63634, 7.96, 12.0571
2.63634, 8.44, 14.8202
2.63634, 8.92, 17.4513
2.63634, 9.4, 19.1665
2.63634, 9.88, 19.7705
2.63634, 10.36, 19.3895
2.63634, 10.84, 18.2745
2.63634, 11.32, 16.6858
2.63634, 11.8, 14.8361
2.63634, 12.28, 12.8682
2.63634, 12.76, 10.8555
2.63634, 13.24, 8.82645
2.63634, 13.72, 6.812
2.63634, 14.2, 4.89246
2.63634, 14.68, 3.2014
2.63634, 15.16, 1.87113
2.63634, 15.64, 0.960507
2.63634, 16.12, 0.427249
2.63634, 16.6, 0.162977
2.63634, 17.08, 0.0528929
2.63634, 17.56, 0.0145174
2.63634, 18.04, 0.00335435
2.63634, 18.52, 0.000650158
2.63634, 19, 0.000105419
2.63634, 19.48, 1.42675e-05
2.63634, 19.96, 1.60893e-06
2.63634, 20.44, 1.50959e-07
2.63634, 20.92, 1.17703e-08
2.63634, 21.4, 7.61891e-10
2.63634, 21.88, 4.09075e-11
2.63634, 22.36, 1.82057e-12
2.63634, 22.84, 6.71186e-14
2.63634, 23.32, 2.04872e-15
2.63634, 23.8, 5.17527e-17
2.63634, 24.28, 1.08151e-18
2.63634, 24.76, 1.86912e-20
2.64222, 1.24, 468.205
2.64222, 1.72, 282.322
2.64222, 2.2, 188.064
2.64222, 2.68, 138.022
2.64222, 3.16, 99.9437
2.64222, 3.64, 78.5967
2.64222, 4.12, 56.2667
2.64222, 4.6, 44.7619
2.64222, 5.08, 47.6645
2.64222, 5.56, 45.7841
2.64222, 6.04, 34.4922
2.64222, 6.52, 21.5513
2.64222, 7, 13.2203
2.64222, 7.48, 10.5731
2.64222, 7.96, 11.771
2.64222, 8.44, 14.523
2.64222, 8.92, 17.1988
2.64222, 9.4, 18.9844
2.64222, 9.88, 19.6627
2.64222, 10.36, 19.348
2.64222, 10.84, 18.2858
2.64222, 11.32, 16.7355
2.64222, 11.8, 14.9108
2.64222, 12.28, 12.9564
2.64222, 12.76, 10.9473
2.64222, 13.24, 8.91338
2.64222, 13.72, 6.88702
2.64222, 14.2, 4.95096
2.64222, 14.68, 3.24205
2.64222, 15.16, 1.89596
2.64222, 15.64, 0.973676
2.64222, 16.12, 0.43325
2.64222, 16.6, 0.165308
2.64222, 17.08, 0.0536599
2.64222, 17.56, 0.0147302
2.64222, 18.04, 0.00340393
2.64222, 18.52, 0.000659832
2.64222, 19, 0.000106995
2.64222, 19.48, 1.44818e-05
2.64222, 19.96, 1.63318e-06
2.64222, 20.44, 1.5324e-07
2.64222, 20.92, 1.19486e-08
2.64222, 21.4, 7.73451e-10
2.64222, 21.88, 4.15291e-11
2.64222, 22.36, 1.84827e-12
2.64222, 22.84, 6.81407e-14
2.64222, 23.32, 2.07994e-15
2.64222, 23.8, 5.25419e-17
2.64222, 24.28, 1.09801e-18
2.64222, 24.76, 1.89764e-20
2.64811, 1.24, 467.462
2.64811, 1.72, 282.338
2.64811, 2.2, 188.097
2.64811, 2.68, 138.034
2.64811, 3.16, 99.9589
2.64811, 3.64, 78.6073
2.64811, 4.12, 56.3781
2.64811, 4.6, 44.5709
2.64811, 5.08, 47.4997
2.64811, 5.56, 45.9487
2.64811, 6.04, 34.8233
2.64811, 6.52, 21.781
2.64811, 7, 13.2314
2.64811, 7.48, 10.3951
2.64811, 7.96, 11.4931
2.64811, 8.44, 14.2305
2.64811, 8.92, 16.948
2.64811, 9.4, 18.8016
2.64811, 9.88, 19.5531
2.64811, 10.36, 19.304
2.64811, 10.84, 18.2944
2.64811, 11.32, 16.7825
2.64811, 11.8, 14.9831
2.64811, 12.28, 13.0426
2.64811, 12.76, 11.0375
2.64811, 13.24, 8.99902
2.64811, 13.72, 6.96109
2.64811, 14.2, 5.0088
2.64811, 14.68, 3.2823
2.64811, 15.16, 1.92056
2.64811, 15.64, 0.98673
2.64811, 16.12, 0.439201
2.64811, 16.6, 0.16762
2.64811, 17.08, 0.054421
2.64811, 17.56, 0.0149414
2.64811, 18.04, 0.00345314
2.64811, 18.52, 0.000669434
2.64811, 19, 0.000108561
2.64811, 19.48, 1.46945e-05
2.64811, 19.96, 1.65726e-06
2.64811, 20.44, 1.55505e-07
2.64811, 20.92, 1.21256e-08
2.64811, 21.4, 7.8493e-10
2.64811, 21.88, 4.21463e-11
2.64811, 22.36, 1.87577e-12
2.64811, 22.84, 6.91556e-14
2.64811, 23.32, 2.11094e-15
2.64811, 23.8, 5.33256e-17
2.64811, 24.28, 1.1144e-18
2.64811, 24.76, 1.92597e-20
