-0.982006,2.13333,2.81264 , 2.81272 , 0.00297789
-0.982006,2.4,2.07213 , 2.07218 , 0.00244275
-0.982006,2.66667,1.65703 , 1.65697 , -0.00354312
-0.982006,2.93333,1.36473 , 1.3647 , -0.00232084
-0.982006,3.2,1.18461 , 1.18481 , 0.0163359
-0.982006,3.46667,1.10121 , 1.10155 , 0.0307804
-0.982006,3.73333,1.06387 , 1.06415 , 0.0259759
-0.982006,4,0.977989 , 0.978109 , 0.0123466
-0.982006,4.26667,0.794519 , 0.794517 , -0.000322064
-0.982006,4.53333,0.580885 , 0.580823 , -0.0107273
-0.982006,4.8,0.436167 , 0.436085 , -0.0187183
-0.982006,5.06667,0.396223 , 0.396136 , -0.0218635
-0.982006,5.33333,0.42776 , 0.427671 , -0.0208525
-0.982006,5.6,0.473737 , 0.473646 , -0.0191758
-0.982006,5.86667,0.491973 , 0.491883 , -0.0182328
-0.982006,6.13333,0.46756 , 0.467476 , -0.0180738
-0.982006,6.4,0.406997 , 0.406922 , -0.0185493
-0.982006,6.66667,0.326791 , 0.326727 , -0.0195576
-0.982006,6.93333,0.244157 , 0.244106 , -0.0210057
-0.982006,7.2,0.172014 , 0.171975 , -0.0226385
-0.982006,7.46667,0.117562 , 0.117535 , -0.0236347
-0.982006,7.73333,0.0829753 , 0.082957 , -0.0220668
-0.982006,8,0.0669007 , 0.06689 , -0.0159495
-0.982006,8.26667,0.066007 , 0.0660022 , -0.00726814
-0.982006,8.53333,0.0762071 , 0.0762066 , -0.000648803
-0.982006,8.8,0.0934782 , 0.0934807 , 0.00266553
-0.982006,9.06667,0.114324 , 0.114328 , 0.00386836
-0.982006,9.33333,0.135973 , 0.135978 , 0.00407489
-0.982006,9.6,0.156405 , 0.156411 , 0.00387269
-0.982006,9.86667,0.174283 , 0.174289 , 0.0035261
-0.969845,2.13333,2.76508 , 2.76519 , 0.00382384
-0.969845,2.4,2.08723 , 2.08728 , 0.00252707
-0.969845,2.66667,1.68173 , 1.68165 , -0.00436899
-0.969845,2.93333,1.40093 , 1.40094 , 0.000977299
-0.969845,3.2,1.2143 , 1.2146 , 0.0248177
-0.969845,3.46667,1.1013 , 1.10171 , 0.0372938
-0.969845,3.73333,1.02783 , 1.02809 , 0.0247999
-0.969845,4,0.915906 , 0.915944 , 0.00408816
-0.969845,4.26667,0.732162 , 0.732073 , -0.0121346
-0.969845,4.53333,0.54447 , 0.544352 , -0.0217209
-0.969845,4.8,0.435311 , 0.435205 , -0.024413
-0.969845,5.06667,0.42222 , 0.422125 , -0.0224444
-0.969845,5.33333,0.463606 , 0.46351 , -0.0206889
-0.969845,5.6,0.504535 , 0.50443 , -0.0207346
-0.969845,5.86667,0.509859 , 0.509747 , -0.0220111
-0.969845,6.13333,0.471565 , 0.471452 , -0.0240184
-0.969845,6.4,0.400513 , 0.400407 , -0.026567
-0.969845,6.66667,0.314829 , 0.314736 , -0.0295801
-0.969845,6.93333,0.231419 , 0.231343 , -0.0328532
-0.969845,7.2,0.161935 , 0.161877 , -0.0356179
-0.969845,7.46667,0.112085 , 0.112045 , -0.0357343
-0.969845,7.73333,0.0827461 , 0.0827217 , -0.0294984
-0.969845,8,0.0716272 , 0.0716158 , -0.0158652
-0.969845,8.26667,0.0748311 , 0.07483 , -0.00142725
-0.969845,8.53333,0.0880121 , 0.0880187 , 0.00753143
-0.969845,8.8,0.107109 , 0.107121 , 0.0112409
-0.969845,9.06667,0.128725 , 0.12874 , 0.0120781
-0.969845,9.33333,0.150261 , 0.150279 , 0.0116715
-0.969845,9.6,0.169897 , 0.169916 , 0.0108108
-0.969845,9.86667,0.186491 , 0.186509 , 0.0098365
-0.957683,2.13333,2.71909 , 2.71921 , 0.00462625
-0.957683,2.4,2.0955 , 2.09555 , 0.00263024
-0.957683,2.66667,1.69973 , 1.69965 , -0.00432432
-0.957683,2.93333,1.4246 , 1.42467 , 0.00528528
-0.957683,3.2,1.22664 , 1.22702 , 0.0315426
-0.957683,3.46667,1.08966 , 1.09008 , 0.0382996
-0.957683,3.73333,0.991284 , 0.991448 , 0.0164763
-0.957683,4,0.863471 , 0.863385 , -0.00996315
-0.957683,4.26667,0.685434 , 0.685257 , -0.0257745
-0.957683,4.53333,0.524248 , 0.524101 , -0.0280614
-0.957683,4.8,0.446594 , 0.446504 , -0.0200663
-0.957683,5.06667,0.454154 , 0.454096 , -0.0129037
-0.957683,5.33333,0.499642 , 0.49958 , -0.0123485
-0.957683,5.6,0.531763 , 0.53168 , -0.0157089
-0.957683,5.86667,0.522695 , 0.522589 , -0.0203831
-0.957683,6.13333,0.47081 , 0.47069 , -0.0254727
-0.957683,6.4,0.390544 , 0.390424 , -0.0308222
-0.957683,6.66667,0.300943 , 0.300833 , -0.0363787
-0.957683,6.93333,0.218132 , 0.218041 , -0.0417048
-0.957683,7.2,0.152264 , 0.152195 , -0.0451877
-0.957683,7.46667,0.107503 , 0.107457 , -0.0429663
-0.957683,7.73333,0.0834844 , 0.083459 , -0.0303208
-0.957683,8,0.0770879 , 0.0770805 , -0.00960413
-0.957683,8.26667,0.0839668 , 0.0839738 , 0.00838951
-0.957683,8.53333,0.0996199 , 0.0996379 , 0.0181035
-0.957683,8.8,0.120028 , 0.120054 , 0.0215511
-0.957683,9.06667,0.141949 , 0.14198 , 0.0218314
-0.957683,9.33333,0.16299 , 0.163024 , 0.0207959
-0.957683,9.6,0.181545 , 0.18158 , 0.0193139
-0.957683,9.86667,0.196668 , 0.196703 , 0.0177581
-0.945521,2.13333,2.67818 , 2.67832 , 0.00538288
-0.945521,2.4,2.10018 , 2.10024 , 0.00283449
-0.945521,2.66667,1.71367 , 1.71361 , -0.0035391
-0.945521,2.93333,1.43971 , 1.43985 , 0.00991917
-0.945521,3.2,1.22959 , 1.23003 , 0.0361655
-0.945521,3.46667,1.07628 , 1.07666 , 0.0348511
-0.945521,3.73333,0.96265 , 0.962689 , 0.00400163
-0.945521,4,0.825716 , 0.825508 , -0.0251909
-0.945521,4.26667,0.655572 , 0.655337 , -0.0358508
-0.945521,4.53333,0.518212 , 0.518077 , -0.0260958
-0.945521,4.8,0.466095 , 0.466061 , -0.00728722
-0.945521,5.06667,0.487799 , 0.487808 , 0.00187342
-0.945521,5.33333,0.532578 , 0.532574 , -0.000711728
-0.945521,5.6,0.553644 , 0.553599 , -0.00812004
-0.945521,5.86667,0.530177 , 0.53009 , -0.0165263
-0.945521,6.13333,0.466062 , 0.465946 , -0.0249312
-0.945521,6.4,0.378428 , 0.378302 , -0.033281
-0.945521,6.66667,0.286612 , 0.286493 , -0.0415157
-0.945521,6.93333,0.20564 , 0.20554 , -0.0488203
-0.945521,7.2,0.144082 , 0.144006 , -0.0524502
-0.945521,7.46667,0.104624 , 0.104575 , -0.0468128
-0.945521,7.73333,0.0857896 , 0.0857659 , -0.027647
-0.945521,8,0.0837659 , 0.0837643 , -0.00194313
-0.945521,8.26667,0.0938756 , 0.093892 , 0.0175262
-0.945521,8.53333,0.11155 , 0.11158 , 0.0272233
-0.945521,8.8,0.132868 , 0.132909 , 0.030393
-0.945521,9.06667,0.154774 , 0.154821 , 0.0303585
-0.945521,9.33333,0.175091 , 0.175142 , 0.0289893
-0.945521,9.6,0.192425 , 0.192477 , 0.0271656
-0.945521,9.86667,0.206016 , 0.206068 , 0.0252728
-0.933359,2.13333,2.64366 , 2.64382 , 0.00608069
-0.933359,2.4,2.10288 , 2.10295 , 0.00315841
-0.933359,2.66667,1.72468 , 1.72464 , -0.00222781
-0.933359,2.93333,1.44884 , 1.44905 , 0.0143537
-0.933359,3.2,1.22835 , 1.22883 , 0.0387466
-0.933359,3.46667,1.06621 , 1.06652 , 0.0287186
-0.933359,3.73333,0.94414 , 0.944057 , -0.00884178
-0.933359,4,0.801649 , 0.801354 , -0.0368661
-0.933359,4.26667,0.6392 , 0.638953 , -0.0385866
-0.933359,4.53333,0.521708 , 0.521624 , -0.0161533
-0.933359,4.8,0.488978 , 0.489022 , 0.0089403
-0.933359,5.06667,0.51896 , 0.519043 , 0.0158914
-0.933359,5.33333,0.559282 , 0.559331 , 0.00871489
-0.933359,5.6,0.568137 , 0.56812 , -0.00294648
-0.933359,5.86667,0.531153 , 0.531073 , -0.0150006
-0.933359,6.13333,0.456778 , 0.456656 , -0.0266434
-0.933359,6.4,0.363984 , 0.363846 , -0.0379758
-0.933359,6.66667,0.271848 , 0.271715 , -0.048864
-0.933359,6.93333,0.194048 , 0.193936 , -0.0579005
-0.933359,7.2,0.137546 , 0.137462 , -0.0608794
-0.933359,7.46667,0.103646 , 0.103593 , -0.0507472
-0.933359,7.73333,0.0898972 , 0.0898744 , -0.0253711
-0.933359,8,0.0919356 , 0.091939 , 0.00363958
-0.933359,8.26667,0.104866 , 0.104891 , 0.0236534
-0.933359,8.53333,0.124135 , 0.124176 , 0.0333072
-0.933359,8.8,0.145971 , 0.146025 , 0.0364891
-0.933359,9.06667,0.167534 , 0.167595 , 0.0364846
-0.933359,9.33333,0.186873 , 0.186939 , 0.0351053
-0.933359,9.6,0.202804 , 0.202872 , 0.0332238
-0.933359,9.86667,0.21475 , 0.214817 , 0.0312378
-0.921198,2.13333,2.61566 , 2.61584 , 0.00670001
-0.921198,2.4,2.10441 , 2.10449 , 0.00357713
-0.921198,2.66667,1.73328 , 1.73327 , -0.000626435
-0.921198,2.93333,1.45389 , 1.45416 , 0.0182252
-0.921198,3.2,1.22628 , 1.22676 , 0.0396004
-0.921198,3.46667,1.06144 , 1.06167 , 0.0218304
-0.921198,3.73333,0.934807 , 0.934632 , -0.0187879
-0.921198,4,0.787986 , 0.787656 , -0.0418688
-0.921198,4.26667,0.631931 , 0.631722 , -0.0330316
-0.921198,4.53333,0.530335 , 0.530328 , -0.00130679
-0.921198,4.8,0.511578 , 0.511698 , 0.0234619
-0.921198,5.06667,0.545074 , 0.545206 , 0.0243711
-0.921198,5.33333,0.578279 , 0.578346 , 0.0115358
-0.921198,5.6,0.574617 , 0.574591 , -0.00447965
-0.921198,5.86667,0.525534 , 0.525429 , -0.020106
-0.921198,6.13333,0.443143 , 0.442988 , -0.0349656
-0.921198,6.4,0.347495 , 0.347323 , -0.0493216
-0.921198,6.66667,0.25694 , 0.256779 , -0.0627991
-0.921198,6.93333,0.183623 , 0.183489 , -0.0729813
-0.921198,7.2,0.132905 , 0.132807 , -0.0737106
-0.921198,7.46667,0.104812 , 0.104752 , -0.0571033
-0.921198,7.73333,0.0960619 , 0.0960378 , -0.0250552
-0.921198,8,0.101869 , 0.101876 , 0.00677664
-0.921198,8.26667,0.117228 , 0.11726 , 0.0273081
-0.921198,8.53333,0.137675 , 0.137726 , 0.0371567
-0.921198,8.8,0.159639 , 0.159704 , 0.040584
-0.921198,9.06667,0.18052 , 0.180594 , 0.0407981
-0.921198,9.33333,0.198607 , 0.198685 , 0.039562
-0.921198,9.6,0.212927 , 0.213008 , 0.03775
-0.921198,9.86667,0.223078 , 0.223158 , 0.0357782
-0.909036,2.13333,2.59372 , 2.5939 , 0.00721935
-0.909036,2.4,2.10524 , 2.10532 , 0.00404233
-0.909036,2.66667,1.73984 , 1.73985 , 0.00104895
-0.909036,2.93333,1.45642 , 1.45673 , 0.0213131
-0.909036,3.2,1.2254 , 1.22588 , 0.0391557
-0.909036,3.46667,1.06207 , 1.06224 , 0.0157761
-0.909036,3.73333,0.932324 , 0.932101 , -0.0239151
-0.909036,4,0.781065 , 0.780758 , -0.0392885
-0.909036,4.26667,0.629974 , 0.629844 , -0.0205974
-0.909036,4.53333,0.54098 , 0.541059 , 0.0146348
-0.909036,4.8,0.531896 , 0.532069 , 0.0325504
-0.909036,5.06667,0.565319 , 0.565457 , 0.0244291
-0.909036,5.33333,0.589714 , 0.589744 , 0.00507582
-0.909036,5.6,0.573842 , 0.573753 , -0.015534
-0.909036,5.86667,0.514348 , 0.514169 , -0.0348953
-0.909036,6.13333,0.426194 , 0.425967 , -0.0531834
-0.909036,6.4,0.329859 , 0.329626 , -0.0707246
-0.909036,6.66667,0.242595 , 0.242385 , -0.0865239
-0.909036,6.93333,0.174888 , 0.174719 , -0.0964126
-0.909036,7.2,0.130532 , 0.130412 , -0.0917781
-0.909036,7.46667,0.108391 , 0.10832 , -0.0654535
-0.909036,7.73333,0.104488 , 0.104461 , -0.0255543
-0.909036,8,0.113737 , 0.113748 , 0.00928523
-0.909036,8.26667,0.131118 , 0.131158 , 0.0305607
-0.909036,8.53333,0.152326 , 0.152388 , 0.0407474
-0.909036,8.8,0.174031 , 0.174108 , 0.0444479
-0.909036,9.06667,0.193896 , 0.193983 , 0.0448517
-0.909036,9.33333,0.210459 , 0.210551 , 0.0437119
-0.909036,9.6,0.222959 , 0.223052 , 0.0419199
-0.909036,9.86667,0.231162 , 0.231254 , 0.0399156
-0.896874,2.13333,2.57713 , 2.57733 , 0.00761971
-0.896874,2.4,2.10568 , 2.10578 , 0.00449874
-0.896874,2.66667,1.7447 , 1.74475 , 0.00262449
-0.896874,2.93333,1.45768 , 1.45802 , 0.0235145
-0.896874,3.2,1.22677 , 1.22724 , 0.0378448
-0.896874,3.46667,1.06718 , 1.06731 , 0.0115302
-0.896874,3.73333,0.934038 , 0.933816 , -0.0237729
-0.896874,4,0.777786 , 0.777552 , -0.0300168
-0.896874,4.26667,0.630703 , 0.630678 , -0.00389477
-0.896874,4.53333,0.55197 , 0.552127 , 0.0284551
-0.896874,4.8,0.549381 , 0.549569 , 0.0342814
-0.896874,5.06667,0.580182 , 0.58027 , 0.0151064
-0.896874,5.33333,0.59482 , 0.594752 , -0.0114634
-0.896874,5.6,0.567423 , 0.567212 , -0.0370898
-0.896874,5.86667,0.499251 , 0.498949 , -0.0606102
-0.896874,6.13333,0.407406 , 0.407069 , -0.0827318
-0.896874,6.4,0.312255 , 0.311932 , -0.103559
-0.896874,6.66667,0.229669 , 0.229392 , -0.120788
-0.896874,6.93333,0.168404 , 0.16819 , -0.127502
-0.896874,7.2,0.130753 , 0.130606 , -0.112781
-0.896874,7.46667,0.114539 , 0.114455 , -0.0731684
-0.896874,7.73333,0.115217 , 0.115189 , -0.0246167
-0.896874,8,0.127514 , 0.127531 , 0.0132448
-0.896874,8.26667,0.14648 , 0.146531 , 0.0353125
-0.896874,8.53333,0.168023 , 0.168099 , 0.0458001
-0.896874,8.8,0.189089 , 0.189183 , 0.0496547
-0.896874,9.06667,0.20762 , 0.207724 , 0.0501
-0.896874,9.33333,0.222406 , 0.222515 , 0.0489082
-0.896874,9.6,0.232896 , 0.233005 , 0.0469985
-0.896874,9.86667,0.239018 , 0.239125 , 0.0448366
-0.884712,2.13333,2.56519 , 2.56539 , 0.00788768
-0.884712,2.4,2.10602 , 2.10612 , 0.0048959
-0.884712,2.66667,1.74831 , 1.74838 , 0.00397677
-0.884712,2.93333,1.4587 , 1.45907 , 0.0248175
-0.884712,3.2,1.23074 , 1.23118 , 0.0360311
-0.884712,3.46667,1.07535 , 1.07545 , 0.00942304
-0.884712,3.73333,0.937574 , 0.937395 , -0.0190229
-0.884712,4,0.775976 , 0.775852 , -0.0159578
-0.884712,4.26667,0.6327 , 0.63279 , 0.0142641
-0.884712,4.53333,0.562808 , 0.563023 , 0.0380573
-0.884712,4.8,0.564463 , 0.564624 , 0.0284133
-0.884712,5.06667,0.590874 , 0.590857 , -0.00281207
-0.884712,5.33333,0.595311 , 0.59509 , -0.0370616
-0.884712,5.6,0.557249 , 0.556869 , -0.0682025
-0.884712,5.86667,0.482029 , 0.481564 , -0.0964274
-0.884712,6.13333,0.388274 , 0.387797 , -0.122763
-0.884712,6.4,0.295803 , 0.29537 , -0.14656
-0.884712,6.66667,0.218903 , 0.218546 , -0.16323
-0.884712,6.93333,0.164583 , 0.164315 , -0.162322
-0.884712,7.2,0.133717 , 0.13354 , -0.132319
-0.884712,7.46667,0.123213 , 0.123117 , -0.0773136
-0.884712,7.73333,0.128081 , 0.128054 , -0.0206706
-0.884712,8,0.14296 , 0.142989 , 0.0196437
-0.884712,8.26667,0.163041 , 0.16311 , 0.042288
-0.884712,8.53333,0.184491 , 0.184588 , 0.0529375
-0.884712,8.8,0.204553 , 0.204669 , 0.05681
-0.884712,9.06667,0.221458 , 0.221584 , 0.0571648
-0.884712,9.33333,0.234245 , 0.234376 , 0.0557985
-0.884712,9.6,0.242568 , 0.242698 , 0.0536586
-0.884712,9.86667,0.246506 , 0.246633 , 0.0512361
-0.872551,2.13333,2.55721 , 2.55741 , 0.00801713
-0.872551,2.4,2.10651 , 2.10662 , 0.00519516
-0.872551,2.66667,1.75112 , 1.75121 , 0.00503184
-0.872551,2.93333,1.46028 , 1.46065 , 0.0252767
-0.872551,3.2,1.23716 , 1.23758 , 0.0339772
-0.872551,3.46667,1.08507 , 1.08517 , 0.00928323
-0.872551,3.73333,0.941141 , 0.941038 , -0.0109314
-0.872551,4,0.774439 , 0.774444 , 0.000666894
-0.872551,4.26667,0.635538 , 0.635737 , 0.0314445
-0.872551,4.53333,0.573775 , 0.57402 , 0.0425306
-0.872551,4.8,0.578063 , 0.578156 , 0.0160862
-0.872551,5.06667,0.598823 , 0.598661 , -0.0271288
-0.872551,5.33333,0.592902 , 0.592492 , -0.0691591
-0.872551,5.6,0.545069 , 0.54449 , -0.106199
-0.872551,5.86667,0.464237 , 0.463589 , -0.139555
-0.872551,6.13333,0.370024 , 0.369394 , -0.170149
-0.872551,6.4,0.281349 , 0.280798 , -0.195817
-0.872551,6.66667,0.210777 , 0.210337 , -0.208678
-0.872551,6.93333,0.163589 , 0.16327 , -0.194946
-0.872551,7.2,0.139347 , 0.139143 , -0.146021
-0.872551,7.46667,0.134166 , 0.134063 , -0.0762865
-0.872551,7.73333,0.142726 , 0.142707 , -0.0135783
-0.872551,8,0.159667 , 0.159712 , 0.0281236
-0.872551,8.26667,0.180375 , 0.180467 , 0.050961
-0.872551,8.53333,0.20131 , 0.201434 , 0.0616225
-0.872551,8.8,0.220029 , 0.220173 , 0.0654422
-0.872551,9.06667,0.23505 , 0.235204 , 0.0656691
-0.872551,9.33333,0.245657 , 0.245814 , 0.0641055
-0.872551,9.6,0.251695 , 0.25185 , 0.0617186
-0.872551,9.86667,0.253387 , 0.253537 , 0.0590202
-0.860389,2.13333,2.55263 , 2.55283 , 0.00800949
-0.860389,2.4,2.10742 , 2.10753 , 0.00537261
-0.860389,2.66667,1.75362 , 1.75372 , 0.00575919
-0.860389,2.93333,1.46295 , 1.46332 , 0.0249919
-0.860389,3.2,1.24559 , 1.24599 , 0.0318451
-0.860389,3.46667,1.095 , 1.09511 , 0.010642
-0.860389,3.73333,0.943638 , 0.943629 , -0.00094243
-0.860389,4,0.772822 , 0.772959 , 0.0177609
-0.860389,4.26667,0.639463 , 0.639756 , 0.0458447
-0.860389,4.53333,0.585531 , 0.585777 , 0.0420013
-0.860389,4.8,0.591183 , 0.59118 , -0.0005997
-0.860389,5.06667,0.605309 , 0.604978 , -0.0547406
-0.860389,5.33333,0.589005 , 0.588391 , -0.104182
-0.860389,5.6,0.532237 , 0.531453 , -0.147192
-0.860389,5.86667,0.447019 , 0.446189 , -0.185729
-0.860389,6.13333,0.353489 , 0.352712 , -0.220016
-0.860389,6.4,0.269387 , 0.268726 , -0.245511
-0.860389,6.66667,0.205473 , 0.204958 , -0.250484
-0.860389,6.93333,0.165348 , 0.164985 , -0.219597
-0.860389,7.2,0.147375 , 0.147152 , -0.151349
-0.860389,7.46667,0.147003 , 0.146899 , -0.070246
-0.860389,7.73333,0.158684 , 0.158677 , -0.00436034
-0.860389,8,0.177134 , 0.1772 , 0.0374559
-0.860389,8.26667,0.197983 , 0.198102 , 0.0600442
-0.860389,8.53333,0.218006 , 0.21816 , 0.0705923
-0.860389,8.8,0.235076 , 0.235251 , 0.0743618
-0.860389,9.06667,0.247997 , 0.248181 , 0.0745188
-0.860389,9.33333,0.256286 , 0.256472 , 0.0728378
-0.860389,9.6,0.259966 , 0.260149 , 0.0702886
-0.860389,9.86667,0.25939 , 0.259565 , 0.0673958
-0.848227,2.13333,2.551 , 2.5512 , 0.00787313
-0.848227,2.4,2.10898 , 2.1091 , 0.00541912
-0.848227,2.66667,1.75626 , 1.75637 , 0.00616302
-0.848227,2.93333,1.46704 , 1.4674 , 0.0240901
-0.848227,3.2,1.25544 , 1.25581 , 0.0297162
-0.848227,3.46667,1.10411 , 1.10426 , 0.01292
-0.848227,3.73333,0.944619 , 0.94471 , 0.00959747
-0.848227,4,0.771392 , 0.771651 , 0.0335827
-0.848227,4.26667,0.64508 , 0.645444 , 0.0563693
-0.848227,4.53333,0.598788 , 0.599012 , 0.0373721
-0.848227,4.8,0.604636 , 0.604521 , -0.019099
-0.848227,5.06667,0.611251 , 0.610748 , -0.0822735
-0.848227,5.33333,0.58458 , 0.583771 , -0.138245
-0.848227,5.6,0.519636 , 0.518665 , -0.18683
-0.848227,5.86667,0.431067 , 0.430075 , -0.230045
-0.848227,6.13333,0.339108 , 0.338204 , -0.266727
-0.848227,6.4,0.260089 , 0.259337 , -0.289262
-0.848227,6.66667,0.20292 , 0.202347 , -0.282444
-0.848227,6.93333,0.1696 , 0.169206 , -0.232565
-0.848227,7.2,0.15741 , 0.157177 , -0.148118
-0.848227,7.46667,0.161251 , 0.161154 , -0.0605703
-0.848227,7.73333,0.175447 , 0.175457 , 0.00548098
-0.848227,8,0.194851 , 0.194941 , 0.0461786
-0.848227,8.26667,0.215376 , 0.215522 , 0.0680836
-0.848227,8.53333,0.234122 , 0.234306 , 0.0784083
-0.848227,8.8,0.249282 , 0.249487 , 0.0821656
-0.848227,9.06667,0.259933 , 0.260147 , 0.082361
-0.848227,9.33333,0.265811 , 0.266025 , 0.0807016
-0.848227,9.6,0.267104 , 0.267312 , 0.0781384
-0.848227,9.86667,0.264277 , 0.264475 , 0.0751976
-0.836065,2.13333,2.55198 , 2.55217 , 0.007622
-0.836065,2.4,2.11143 , 2.11155 , 0.00533835
-0.836065,2.66667,1.75947 , 1.75958 , 0.00627282
-0.836065,2.93333,1.47268 , 1.47301 , 0.0227097
-0.836065,3.2,1.26606 , 1.26641 , 0.0276181
-0.836065,3.46667,1.11177 , 1.11194 , 0.0155592
-0.836065,3.73333,0.944188 , 0.944373 , 0.0195798
-0.836065,4,0.7708 , 0.771161 , 0.0468441
-0.836065,4.26667,0.653078 , 0.653487 , 0.0626041
-0.836065,4.53333,0.614087 , 0.614271 , 0.0299948
-0.836065,4.8,0.618889 , 0.61866 , -0.0369493
-0.836065,5.06667,0.617134 , 0.616476 , -0.106712
-0.836065,5.33333,0.580124 , 0.579151 , -0.167867
-0.836065,5.6,0.507705 , 0.506583 , -0.221123
-0.836065,5.86667,0.416679 , 0.415563 , -0.267909
-0.836065,6.13333,0.326994 , 0.325996 , -0.30506
-0.836065,6.4,0.253377 , 0.252562 , -0.321636
-0.836065,6.66667,0.202878 , 0.202268 , -0.300454
-0.836065,6.93333,0.175982 , 0.175572 , -0.232962
-0.836065,7.2,0.169012 , 0.168779 , -0.137896
-0.836065,7.46667,0.176438 , 0.176351 , -0.049058
-0.836065,7.73333,0.192538 , 0.192566 , 0.0145364
-0.836065,8,0.212363 , 0.212476 , 0.0530666
-0.836065,8.26667,0.232132 , 0.232304 , 0.0738923
-0.836065,8.53333,0.249283 , 0.249492 , 0.0838803
-0.836065,8.8,0.262317 , 0.262547 , 0.0876547
-0.836065,9.06667,0.270573 , 0.270811 , 0.0879947
-0.836065,9.33333,0.27399 , 0.274227 , 0.0865017
-0.836065,9.6,0.272904 , 0.273133 , 0.0840855
-0.836065,9.86667,0.267877 , 0.268095 , 0.0812607
-0.823903,2.13333,2.5553 , 2.55549 , 0.00727395
-0.823903,2.4,2.11497 , 2.11508 , 0.00514377
-0.823903,2.66667,1.76356 , 1.76367 , 0.00613434
-0.823903,2.93333,1.47983 , 1.48014 , 0.0209885
-0.823903,3.2,1.27688 , 1.27721 , 0.0255501
-0.823903,3.46667,1.11768 , 1.11789 , 0.0180982
-0.823903,3.73333,0.942849 , 0.943115 , 0.028187
-0.823903,4,0.771854 , 0.772292 , 0.0567402
-0.823903,4.26667,0.664026 , 0.664456 , 0.0647228
-0.823903,4.53333,0.631664 , 0.631799 , 0.0213318
-0.823903,4.8,0.634021 , 0.63369 , -0.0521962
-0.823903,5.06667,0.623036 , 0.622252 , -0.125866
-0.823903,5.33333,0.575747 , 0.57465 , -0.190519
-0.823903,5.6,0.496536 , 0.495309 , -0.247082
-0.823903,5.86667,0.403871 , 0.402676 , -0.295832
-0.823903,6.13333,0.317042 , 0.315992 , -0.331189
-0.823903,6.4,0.249025 , 0.24818 , -0.339271
-0.823903,6.66667,0.205021 , 0.204399 , -0.303247
-0.823903,6.93333,0.184102 , 0.183692 , -0.222284
-0.823903,7.2,0.181758 , 0.181534 , -0.12303
-0.823903,7.46667,0.192137 , 0.192065 , -0.0373403
-0.823903,7.73333,0.209556 , 0.209601 , 0.0218008
-0.823903,8,0.229304 , 0.229436 , 0.0573588
-0.823903,8.26667,0.247932 , 0.248122 , 0.0767656
-0.823903,8.53333,0.263213 , 0.26344 , 0.0862906
-0.823903,8.8,0.273952 , 0.274198 , 0.0900772
-0.823903,9.06667,0.279731 , 0.279984 , 0.09063
-0.823903,9.33333,0.280676 , 0.280927 , 0.0894139
-0.823903,9.6,0.277252 , 0.277494 , 0.087277
-0.823903,9.86667,0.270106 , 0.270334 , 0.0847097
-0.811742,2.13333,2.56078 , 2.56096 , 0.00684908
-0.811742,2.4,2.11975 , 2.11986 , 0.00485531
-0.811742,2.66667,1.76879 , 1.76889 , 0.00580152
-0.811742,2.93333,1.48836 , 1.48864 , 0.0190544
-0.811742,3.2,1.28743 , 1.28773 , 0.0235027
-0.811742,3.46667,1.12192 , 1.12215 , 0.020202
-0.811742,3.73333,0.941351 , 0.94168 , 0.0348951
-0.811742,4,0.775336 , 0.775824 , 0.0629362
-0.811742,4.26667,0.678247 , 0.678677 , 0.0633359
-0.811742,4.53333,0.651413 , 0.651496 , 0.0126718
-0.811742,4.8,0.649759 , 0.649346 , -0.063626
-0.811742,5.06667,0.62871 , 0.627839 , -0.138578
-0.811742,5.33333,0.571281 , 0.570111 , -0.204867
-0.811742,5.6,0.485998 , 0.48472 , -0.263065
-0.811742,5.86667,0.392488 , 0.391264 , -0.311874
-0.811742,6.13333,0.309041 , 0.30798 , -0.343214
-0.811742,6.4,0.246754 , 0.245912 , -0.341276
-0.811742,6.66667,0.209015 , 0.208405 , -0.292114
-0.811742,6.93333,0.193597 , 0.193204 , -0.203381
-0.811742,7.2,0.195285 , 0.195078 , -0.105857
-0.811742,7.46667,0.208008 , 0.207953 , -0.0266037
-0.811742,7.73333,0.226193 , 0.226253 , 0.0267573
-0.811742,8,0.245412 , 0.245556 , 0.0587961
-0.811742,8.26667,0.262559 , 0.26276 , 0.076515
-0.811742,8.53333,0.275745 , 0.27598 , 0.0854437
-0.811742,8.8,0.28406 , 0.284314 , 0.0891981
-0.811742,9.06667,0.287319 , 0.287577 , 0.0899806
-0.811742,9.33333,0.285812 , 0.286066 , 0.0890986
-0.811742,9.6,0.280117 , 0.280362 , 0.0873232
-0.811742,9.86667,0.270951 , 0.271181 , 0.0851088
-0.79958,2.13333,2.56827 , 2.56843 , 0.00636813
-0.79958,2.4,2.12591 , 2.126 , 0.00449626
-0.79958,2.66667,1.7753 , 1.7754 , 0.00532995
-0.79958,2.93333,1.49802 , 1.49828 , 0.0170192
-0.79958,3.2,1.29738 , 1.29766 , 0.0214692
-0.79958,3.46667,1.12479 , 1.12504 , 0.0216641
-0.79958,3.73333,0.940537 , 0.940908 , 0.0394523
-0.79958,4,0.781866 , 0.782379 , 0.0655182
-0.79958,4.26667,0.695755 , 0.696168 , 0.0593067
-0.79958,4.53333,0.672903 , 0.672936 , 0.00495564
-0.79958,4.8,0.665555 , 0.665084 , -0.070786
-0.79958,5.06667,0.633704 , 0.632787 , -0.144674
-0.79958,5.33333,0.566411 , 0.565217 , -0.210734
-0.79958,5.6,0.475862 , 0.474583 , -0.268766
-0.79958,5.86667,0.382321 , 0.381114 , -0.315677
-0.79958,6.13333,0.302756 , 0.301723 , -0.341161
-0.79958,6.4,0.246294 , 0.245484 , -0.328954
-0.79958,6.66667,0.214568 , 0.213988 , -0.270027
-0.79958,6.93333,0.204171 , 0.203804 , -0.179461
-0.79958,7.2,0.209309 , 0.209125 , -0.088286
-0.79958,7.46667,0.223799 , 0.22376 , -0.0175398
-0.79958,7.73333,0.24224 , 0.242311 , 0.0293249
-0.79958,8,0.260522 , 0.260672 , 0.0575434
-0.79958,8.26667,0.275896 , 0.276098 , 0.0733885
-0.79958,8.53333,0.2868 , 0.287034 , 0.0815955
-0.79958,8.8,0.292603 , 0.292852 , 0.0852444
-0.79958,9.06667,0.293326 , 0.293579 , 0.0862274
-0.79958,9.33333,0.289413 , 0.289661 , 0.085684
-0.79958,9.6,0.281535 , 0.281772 , 0.0842978
-0.79958,9.86667,0.270463 , 0.270686 , 0.0824795
-0.787418,2.13333,2.57767 , 2.57782 , 0.00585123
-0.787418,2.4,2.1335 , 2.13359 , 0.00409048
-0.787418,2.66667,1.78316 , 1.78325 , 0.00477189
-0.787418,2.93333,1.50857 , 1.5088 , 0.0149754
-0.787418,3.2,1.30656 , 1.30681 , 0.0194513
-0.787418,3.46667,1.12681 , 1.12707 , 0.022392
-0.787418,3.73333,0.941223 , 0.941617 , 0.0418415
-0.787418,4,0.791818 , 0.792332 , 0.0649072
-0.787418,4.26667,0.716248 , 0.716631 , 0.0535663
-0.787418,4.53333,0.69544 , 0.695431 , -0.00127719
-0.787418,4.8,0.680696 , 0.680193 , -0.0738473
-0.787418,5.06667,0.637478 , 0.636556 , -0.144735
-0.787418,5.33333,0.560785 , 0.559614 , -0.208848
-0.787418,5.6,0.465897 , 0.464662 , -0.264965
-0.787418,5.86667,0.373181 , 0.372031 , -0.308196
-0.787418,6.13333,0.297995 , 0.297022 , -0.326612
-0.787418,6.4,0.247434 , 0.246679 , -0.305113
-0.787418,6.66667,0.221453 , 0.22092 , -0.240659
-0.787418,6.93333,0.215601 , 0.21527 , -0.153426
-0.787418,7.2,0.223631 , 0.22347 , -0.0716604
-0.787418,7.46667,0.239341 , 0.239316 , -0.010417
-0.787418,7.73333,0.257568 , 0.257644 , 0.0297435
-0.787418,8,0.274549 , 0.274697 , 0.0540609
-0.787418,8.26667,0.287896 , 0.288091 , 0.0679362
-0.787418,8.53333,0.296371 , 0.296594 , 0.0753207
-0.787418,8.8,0.299601 , 0.299837 , 0.0787793
-0.787418,9.06667,0.297802 , 0.29804 , 0.0799022
-0.787418,9.33333,0.291545 , 0.291778 , 0.0796605
-0.787418,9.6,0.281585 , 0.281806 , 0.0786461
-0.787418,9.86667,0.26873 , 0.268937 , 0.0772208
-0.775256,2.13333,2.58887 , 2.58901 , 0.00531681
-0.775256,2.4,2.14258 , 2.14265 , 0.00366042
-0.775256,2.66667,1.79236 , 1.79243 , 0.00417303
-0.775256,2.93333,1.51973 , 1.51993 , 0.0129949
-0.775256,3.2,1.31495 , 1.31518 , 0.0174599
-0.775256,3.46667,1.12859 , 1.12884 , 0.0223857
-0.775256,3.73333,0.944098 , 0.944496 , 0.0422354
-0.775256,4,0.805277 , 0.805774 , 0.0617462
-0.775256,4.26667,0.739143 , 0.73949 , 0.046966
-0.775256,4.53333,0.718157 , 0.718115 , -0.00584351
-0.775256,4.8,0.694405 , 0.693895 , -0.0733926
-0.775256,5.06667,0.639509 , 0.638615 , -0.139806
-0.775256,5.33333,0.554111 , 0.553 , -0.200506
-0.775256,5.6,0.455945 , 0.454791 , -0.25316
-0.775256,5.86667,0.364958 , 0.363895 , -0.291275
-0.775256,6.13333,0.294642 , 0.293752 , -0.302144
-0.775256,6.4,0.250037 , 0.249353 , -0.273283
-0.775256,6.66667,0.229521 , 0.229045 , -0.207598
-0.775256,6.93333,0.227737 , 0.227447 , -0.127554
-0.775256,7.2,0.238117 , 0.237981 , -0.0567904
-0.775256,7.46667,0.254531 , 0.254518 , -0.00519564
-0.775256,7.73333,0.27211 , 0.272187 , 0.0284456
-0.775256,8,0.287462 , 0.287603 , 0.0489649
-0.775256,8.26667,0.298565 , 0.298746 , 0.0608635
-0.775256,8.53333,0.304493 , 0.304698 , 0.0673616
-0.775256,8.8,0.305117 , 0.305332 , 0.0705506
-0.775256,9.06667,0.300826 , 0.301041 , 0.0717394
-0.775256,9.33333,0.292305 , 0.292514 , 0.0717379
-0.775256,9.6,0.280371 , 0.28057 , 0.0710472
-0.775256,9.86667,0.265861 , 0.266047 , 0.0699783
-0.763095,2.13333,2.6018 , 2.60193 , 0.00478101
-0.763095,2.4,2.15311 , 2.15318 , 0.00322568
-0.763095,2.66667,1.80279 , 1.80286 , 0.0035706
-0.763095,2.93333,1.53127 , 1.53144 , 0.0111302
-0.763095,3.2,1.32265 , 1.32286 , 0.0155134
-0.763095,3.46667,1.13074 , 1.13098 , 0.0217139
-0.763095,3.73333,0.949657 , 0.950046 , 0.0409426
-0.763095,4,0.82204 , 0.822507 , 0.0567756
-0.763095,4.26667,0.763638 , 0.763945 , 0.0401872
-0.763095,4.53333,0.740106 , 0.740041 , -0.00882007
-0.763095,4.8,0.705944 , 0.705449 , -0.0702046
-0.763095,5.06667,0.639372 , 0.638534 , -0.131126
-0.763095,5.33333,0.546213 , 0.54519 , -0.187262
-0.763095,5.6,0.445961 , 0.444912 , -0.235206
-0.763095,5.86667,0.357639 , 0.356683 , -0.267222
-0.763095,6.13333,0.292667 , 0.291875 , -0.270786
-0.763095,6.4,0.254039 , 0.253437 , -0.237053
-0.763095,6.66667,0.238685 , 0.23827 , -0.173882
-0.763095,6.93333,0.240488 , 0.240239 , -0.103423
-0.763095,7.2,0.252686 , 0.252574 , -0.0440575
-0.763095,7.46667,0.269312 , 0.269308 , -0.00164565
-0.763095,7.73333,0.285839 , 0.285913 , 0.0259402
-0.763095,8,0.299266 , 0.299395 , 0.0429067
-0.763095,8.26667,0.307937 , 0.3081 , 0.0529009
-0.763095,8.53333,0.311226 , 0.311408 , 0.0584914
-0.763095,8.8,0.309231 , 0.30942 , 0.0613497
-0.763095,9.06667,0.302494 , 0.302684 , 0.0625321
-0.763095,9.33333,0.291798 , 0.291981 , 0.0627004
-0.763095,9.6,0.278007 , 0.27818 , 0.0622697
-0.763095,9.86667,0.261973 , 0.262134 , 0.0615019
-0.750933,2.13333,2.61637 , 2.61649 , 0.00425727
-0.750933,2.4,2.16506 , 2.16512 , 0.00280223
-0.750933,2.66667,1.81436 , 1.81441 , 0.00299284
-0.750933,2.93333,1.543 , 1.54314 , 0.00941627
-0.750933,3.2,1.32988 , 1.33007 , 0.0136344
-0.750933,3.46667,1.13386 , 1.13409 , 0.020491
-0.750933,3.73333,0.958166 , 0.958533 , 0.0383509
-0.750933,4,0.841644 , 0.842071 , 0.050722
-0.750933,4.26667,0.788791 , 0.789057 , 0.0337102
-0.750933,4.53333,0.760351 , 0.760271 , -0.0104371
-0.750933,4.8,0.714689 , 0.714224 , -0.0650999
-0.750933,5.06667,0.636801 , 0.636037 , -0.119924
-0.750933,5.33333,0.537071 , 0.536154 , -0.170677
-0.750933,5.6,0.436029 , 0.4351 , -0.213021
-0.750933,5.86667,0.351314 , 0.350476 , -0.238457
-0.750933,6.13333,0.292117 , 0.291428 , -0.235576
-0.750933,6.4,0.259438 , 0.25892 , -0.199617
-0.750933,6.66667,0.248904 , 0.248551 , -0.141787
-0.750933,6.93333,0.253798 , 0.25359 , -0.0819769
-0.750933,7.2,0.267287 , 0.267197 , -0.0335337
-0.750933,7.46667,0.28365 , 0.283652 , 0.000554261
-0.750933,7.73333,0.298745 , 0.298813 , 0.0227245
-0.750933,8,0.30998 , 0.310093 , 0.0364812
-0.750933,8.26667,0.316057 , 0.316198 , 0.0447071
-0.750933,8.53333,0.316639 , 0.316795 , 0.04941
-0.750933,8.8,0.312028 , 0.31219 , 0.0519011
-0.750933,9.06667,0.302906 , 0.303067 , 0.053017
-0.750933,9.33333,0.290131 , 0.290286 , 0.053288
-0.750933,9.6,0.274603 , 0.274749 , 0.0530513
-0.750933,9.86667,0.257176 , 0.257311 , 0.0525224
-0.738771,2.13333,2.63248 , 2.63258 , 0.00375616
-0.738771,2.4,2.17834 , 2.17839 , 0.00240216
-0.738771,2.66667,1.82688 , 1.82693 , 0.00245936
-0.738771,2.93333,1.55477 , 1.55489 , 0.007873
-0.738771,3.2,1.33692 , 1.33707 , 0.0118471
-0.738771,3.46667,1.13843 , 1.13864 , 0.0188558
-0.738771,3.73333,0.969647 , 0.969985 , 0.0348724
-0.738771,4,0.863412 , 0.863794 , 0.0442161
-0.738771,4.26667,0.813595 , 0.813821 , 0.0278265
-0.738771,4.53333,0.778041 , 0.777956 , -0.0109889
-0.738771,4.8,0.720187 , 0.719764 , -0.0588219
-0.738771,5.06667,0.631713 , 0.631035 , -0.107289
-0.738771,5.33333,0.526822 , 0.52602 , -0.152168
-0.738771,5.6,0.426355 , 0.425552 , -0.188396
-0.738771,5.86667,0.346158 , 0.345441 , -0.207262
-0.738771,6.13333,0.293095 , 0.292511 , -0.199247
-0.738771,6.4,0.266268 , 0.265833 , -0.163511
-0.738771,6.66667,0.260165 , 0.259871 , -0.112806
-0.738771,6.93333,0.267629 , 0.267459 , -0.0636466
-0.738771,7.2,0.28188 , 0.281809 , -0.0250905
-0.738771,7.46667,0.297518 , 0.297524 , 0.00174339
-0.738771,7.73333,0.310825 , 0.310884 , 0.0192252
-0.738771,8,0.319623 , 0.319719 , 0.0301713
-0.738771,8.26667,0.322968 , 0.323087 , 0.0368092
-0.738771,8.53333,0.320793 , 0.320924 , 0.0406794
-0.738771,8.8,0.313589 , 0.313723 , 0.0427924
-0.738771,9.06667,0.302152 , 0.302285 , 0.043799
-0.738771,9.33333,0.287403 , 0.28753 , 0.0441165
-0.738771,9.6,0.270261 , 0.27038 , 0.0440135
-0.738771,9.86667,0.251573 , 0.251683 , 0.0436642
-0.726609,2.13333,2.65003 , 2.65012 , 0.00328552
-0.726609,2.4,2.19283 , 2.19287 , 0.00203379
-0.726609,2.66667,1.84021 , 1.84025 , 0.00198212
-0.726609,2.93333,1.56651 , 1.56661 , 0.00650849
-0.726609,3.2,1.34405 , 1.34419 , 0.0101738
-0.726609,3.46667,1.14481 , 1.14501 , 0.0169531
-0.726609,3.73333,0.983892 , 0.984196 , 0.0308965
-0.726609,4,0.886514 , 0.886849 , 0.0377484
-0.726609,4.26667,0.837061 , 0.83725 , 0.0226759
-0.726609,4.53333,0.792481 , 0.792395 , -0.0107714
-0.726609,4.8,0.722193 , 0.721818 , -0.0519859
-0.726609,5.06667,0.624223 , 0.623636 , -0.0941143
-0.726609,5.33333,0.515756 , 0.515071 , -0.132922
-0.726609,5.6,0.417249 , 0.416569 , -0.162883
-0.726609,5.86667,0.34241 , 0.341808 , -0.175626
-0.726609,6.13333,0.29574 , 0.295255 , -0.164038
-0.726609,6.4,0.27458 , 0.274221 , -0.130517
-0.726609,6.66667,0.272457 , 0.272218 , -0.0877386
-0.726609,6.93333,0.281942 , 0.281805 , -0.0484852
-0.726609,7.2,0.296419 , 0.296364 , -0.0184872
-0.726609,7.46667,0.310883 , 0.31089 , 0.00223183
-0.726609,7.73333,0.322064 , 0.322115 , 0.0157703
-0.726609,8,0.328206 , 0.328286 , 0.0243238
-0.726609,8.26667,0.328705 , 0.328802 , 0.0295788
-0.726609,8.53333,0.323745 , 0.323851 , 0.0326966
-0.726609,8.8,0.313983 , 0.314091 , 0.0344429
-0.726609,9.06667,0.300314 , 0.300421 , 0.0353157
-0.726609,9.33333,0.283702 , 0.283804 , 0.0356377
-0.726609,9.6,0.265074 , 0.265168 , 0.0356191
-0.726609,9.86667,0.245257 , 0.245344 , 0.0353979
-0.714448,2.13333,2.66891 , 2.66898 , 0.00285062
-0.714448,2.4,2.20841 , 2.20845 , 0.00170207
-0.714448,2.66667,1.85417 , 1.8542 , 0.00156677
-0.714448,2.93333,1.5782 , 1.57828 , 0.00532164
-0.714448,3.2,1.3516 , 1.35171 , 0.00863303
-0.714448,3.46667,1.1532 , 1.15337 , 0.0149197
-0.714448,3.73333,1.00049 , 1.00075 , 0.0267566
-0.714448,4,0.910038 , 0.910326 , 0.0316598
-0.714448,4.26667,0.858286 , 0.858443 , 0.01829
-0.714448,4.53333,0.80317 , 0.803089 , -0.0100465
-0.714448,4.8,0.720681 , 0.720356 , -0.0450635
-0.714448,5.06667,0.61463 , 0.614131 , -0.0810836
-0.714448,5.33333,0.504293 , 0.503718 , -0.11388
-0.714448,5.6,0.409091 , 0.408528 , -0.13775
-0.714448,5.86667,0.340337 , 0.339843 , -0.145168
-0.714448,6.13333,0.300196 , 0.299801 , -0.131604
-0.714448,6.4,0.284414 , 0.284125 , -0.101693
-0.714448,6.66667,0.285756 , 0.285565 , -0.0668312
-0.714448,6.93333,0.296679 , 0.296571 , -0.036296
-0.714448,7.2,0.310845 , 0.310803 , -0.0134362
-0.714448,7.46667,0.323696 , 0.323704 , 0.00227574
-0.714448,7.73333,0.332437 , 0.332479 , 0.0125827
-0.714448,8,0.335728 , 0.335792 , 0.0191517
-0.714448,8.26667,0.33329 , 0.333367 , 0.0232359
-0.714448,8.53333,0.325536 , 0.32562 , 0.0256964
-0.714448,8.8,0.31327 , 0.313355 , 0.0271046
-0.714448,9.06667,0.297463 , 0.297546 , 0.0278352
-0.714448,9.33333,0.279107 , 0.279185 , 0.0281339
-0.714448,9.6,0.259122 , 0.259195 , 0.0281625
-0.714448,9.86667,0.238309 , 0.238376 , 0.0280282
-0.702286,2.13333,2.68898 , 2.68904 , 0.00245451
-0.702286,2.4,2.22494 , 2.22497 , 0.00140914
-0.702286,2.66667,1.86861 , 1.86864 , 0.00121408
-0.702286,2.93333,1.58987 , 1.58994 , 0.00430471
-0.702286,3.2,1.35981 , 1.3599 , 0.00723814
-0.702286,3.46667,1.16361 , 1.16376 , 0.0128735
-0.702286,3.73333,1.01886 , 1.01909 , 0.0227114
-0.702286,4,0.933057 , 0.933301 , 0.0261551
-0.702286,4.26667,0.87651 , 0.876638 , 0.0146325
-0.702286,4.53333,0.809831 , 0.809758 , -0.00902651
-0.702286,4.8,0.715844 , 0.715569 , -0.0383907
-0.702286,5.06667,0.603392 , 0.602978 , -0.0686844
-0.702286,5.33333,0.492942 , 0.49247 , -0.0957406
-0.702286,5.6,0.402302 , 0.401844 , -0.113975
-0.702286,5.86667,0.34021 , 0.339812 , -0.117099
-0.702286,6.13333,0.306589 , 0.306274 , -0.103003
-0.702286,6.4,0.295786 , 0.295557 , -0.077471
-0.702286,6.66667,0.300011 , 0.299861 , -0.0499368
-0.702286,6.93333,0.31176 , 0.311677 , -0.0267385
-0.702286,7.2,0.325074 , 0.325042 , -0.00964676
-0.702286,7.46667,0.335891 , 0.335897 , 0.00206951
-0.702286,7.73333,0.341901 , 0.341935 , 0.00979028
-0.702286,8,0.342173 , 0.342223 , 0.0147524
-0.702286,8.26667,0.336732 , 0.336792 , 0.0178709
-0.702286,8.53333,0.326198 , 0.326263 , 0.0197748
-0.702286,8.8,0.311497 , 0.311562 , 0.020884
-0.702286,9.06667,0.293657 , 0.29372 , 0.0214765
-0.702286,9.33333,0.273684 , 0.273743 , 0.0217365
-0.702286,9.6,0.252478 , 0.252533 , 0.0217864
-0.702286,9.86667,0.230802 , 0.230853 , 0.0217083
-0.690124,2.13333,2.71012 , 2.71017 , 0.00209836
-0.690124,2.4,2.24227 , 2.2423 , 0.00115491
-0.690124,2.66667,1.88341 , 1.88343 , 0.00092131
-0.690124,2.93333,1.60158 , 1.60163 , 0.00344552
-0.690124,3.2,1.36889 , 1.36897 , 0.00599652
-0.690124,3.46667,1.17592 , 1.17605 , 0.0109079
-0.690124,3.73333,1.03832 , 1.03852 , 0.0189411
-0.690124,4,0.954688 , 0.954892 , 0.0213307
-0.690124,4.26667,0.891162 , 0.891265 , 0.01163
-0.690124,4.53333,0.812423 , 0.812359 , -0.00787187
-0.690124,4.8,0.708072 , 0.707844 , -0.0321877
-0.690124,5.06667,0.591098 , 0.590759 , -0.057239
-0.690124,5.33333,0.482271 , 0.48189 , -0.0789939
-0.690124,5.6,0.397306 , 0.396939 , -0.0922603
-0.690124,5.86667,0.342276 , 0.34196 , -0.0922169
-0.690124,6.13333,0.315006 , 0.314758 , -0.0787432
-0.690124,6.4,0.308672 , 0.308493 , -0.0578005
-0.690124,6.66667,0.315131 , 0.315015 , -0.0366608
-0.690124,6.93333,0.327073 , 0.327009 , -0.0194094
-0.690124,7.2,0.338997 , 0.338974 , -0.00685148
-0.690124,7.46667,0.347379 , 0.347385 , 0.00174922
-0.690124,7.73333,0.350398 , 0.350424 , 0.00744484
-0.690124,8,0.347512 , 0.347551 , 0.0111343
-0.690124,8.26667,0.339031 , 0.339076 , 0.0134754
-0.690124,8.53333,0.325753 , 0.325802 , 0.0149211
-0.690124,8.8,0.308704 , 0.308752 , 0.0157757
-0.690124,9.06667,0.288951 , 0.288998 , 0.0162426
-0.690124,9.33333,0.267494 , 0.267538 , 0.0164578
-0.690124,9.6,0.245206 , 0.245246 , 0.0165127
-0.690124,9.86667,0.222804 , 0.222841 , 0.0164691
-0.677962,2.13333,2.73219 , 2.73224 , 0.00178185
-0.677962,2.4,2.26026 , 2.26028 , 0.000937676
-0.677962,2.66667,1.89846 , 1.89847 , 0.000683456
-0.677962,2.93333,1.6134 , 1.61345 , 0.00272917
-0.677962,3.2,1.37896 , 1.37902 , 0.00490968
-0.677962,3.46667,1.18985 , 1.18995 , 0.00908952
-0.677962,3.73333,1.05813 , 1.05829 , 0.0155541
-0.677962,4,0.974156 , 0.974324 , 0.0172045
-0.677962,4.26667,0.901882 , 0.901965 , 0.00919425
-0.677962,4.53333,0.811131 , 0.811076 , -0.00669601
-0.677962,4.8,0.697925 , 0.697739 , -0.0265823
-0.677962,5.06667,0.578422 , 0.578151 , -0.0469371
-0.677962,5.33333,0.472867 , 0.472565 , -0.063952
-0.677962,5.6,0.394499 , 0.394211 , -0.0730568
-0.677962,5.86667,0.346728 , 0.346482 , -0.0709407
-0.677962,6.13333,0.325477 , 0.325286 , -0.0588784
-0.677962,6.4,0.322994 , 0.322857 , -0.0423056
-0.677962,6.66667,0.330985 , 0.330898 , -0.0264837
-0.677962,6.93333,0.34247 , 0.342423 , -0.0139002
-0.677962,7.2,0.352482 , 0.352465 , -0.00481987
-0.677962,7.46667,0.358055 , 0.35806 , 0.00140203
-0.677962,7.73333,0.357854 , 0.357874 , 0.00554336
-0.677962,8,0.351707 , 0.351736 , 0.00824561
-0.677962,8.26667,0.340176 , 0.34021 , 0.00997487
-0.677962,8.53333,0.324215 , 0.324251 , 0.0110529
-0.677962,8.8,0.304924 , 0.30496 , 0.0116978
-0.677962,9.06667,0.28339 , 0.283424 , 0.0120561
-0.677962,9.33333,0.260593 , 0.260625 , 0.012227
-0.677962,9.6,0.237366 , 0.237395 , 0.0122778
-0.677962,9.86667,0.214375 , 0.214401 , 0.0122542
-0.6658,2.13333,2.75506 , 2.75511 , 0.00150353
-0.6658,2.4,2.27876 , 2.27878 , 0.000754658
-0.6658,2.66667,1.91368 , 1.91369 , 0.000494211
-0.6658,2.93333,1.62543 , 1.62546 , 0.00213947
-0.6658,3.2,1.39005 , 1.39011 , 0.00397377
-0.6658,3.46667,1.20501 , 1.2051 , 0.00745951
-0.6658,3.73333,1.07754 , 1.07767 , 0.0126002
-0.6658,4,0.990831 , 0.990967 , 0.0137434
-0.6658,4.26667,0.908542 , 0.908607 , 0.00723577
-0.6658,4.53333,0.806347 , 0.806302 , -0.00557364
-0.6658,4.8,0.686096 , 0.685948 , -0.0216336
-0.6658,5.06667,0.566087 , 0.565872 , -0.0378679
-0.6658,5.33333,0.465298 , 0.465061 , -0.0507823
-0.6658,5.6,0.394224 , 0.394001 , -0.0565879
-0.6658,5.86667,0.353693 , 0.353504 , -0.0533525
-0.6658,6.13333,0.337969 , 0.337823 , -0.0431267
-0.6658,6.4,0.338619 , 0.338516 , -0.0304276
-0.6658,6.66667,0.347399 , 0.347333 , -0.0188527
-0.6658,6.93333,0.357775 , 0.35774 , -0.00983244
-0.6658,7.2,0.365373 , 0.365361 , -0.00336219
-0.6658,7.46667,0.3678 , 0.367804 , 0.00107788
-0.6658,7.73333,0.364188 , 0.364203 , 0.00404823
-0.6658,8,0.354711 , 0.354732 , 0.0059993
-0.6658,8.26667,0.340154 , 0.340179 , 0.00725701
-0.6658,8.53333,0.321597 , 0.321623 , 0.0080473
-0.6658,8.8,0.30019 , 0.300215 , 0.00852429
-0.6658,9.06667,0.277019 , 0.277043 , 0.00879265
-0.6658,9.33333,0.253034 , 0.253057 , 0.00892367
-0.6658,9.6,0.229017 , 0.229038 , 0.00896607
-0.6658,9.86667,0.205576 , 0.205594 , 0.00895343
-0.653639,2.13333,2.7786 , 2.77864 , 0.00126114
-0.653639,2.4,2.29767 , 2.29768 , 0.000602422
-0.653639,2.66667,1.92901 , 1.92902 , 0.000346755
-0.653639,2.93333,1.63772 , 1.63775 , 0.00165998
-0.653639,3.2,1.40211 , 1.40216 , 0.0031805
-0.653639,3.46667,1.22093 , 1.221 , 0.0060371
-0.653639,3.73333,1.09585 , 1.09596 , 0.0100854
-0.653639,4,1.00427 , 1.00438 , 0.0108854
-0.653639,4.26667,0.911237 , 0.911288 , 0.00567136
-0.653639,4.53333,0.798646 , 0.798609 , -0.00454949
-0.653639,4.8,0.673367 , 0.673251 , -0.0173516
-0.653639,5.06667,0.554818 , 0.554652 , -0.0300459
-0.653639,5.33333,0.460077 , 0.459895 , -0.039535
-0.653639,5.6,0.396742 , 0.396571 , -0.0428816
-0.653639,5.86667,0.363216 , 0.363074 , -0.0392703
-0.653639,6.13333,0.352373 , 0.352264 , -0.0309962
-0.653639,6.4,0.355358 , 0.355281 , -0.0215405
-0.653639,6.66667,0.364154 , 0.364106 , -0.0132427
-0.653639,6.93333,0.372781 , 0.372755 , -0.00687695
-0.653639,7.2,0.377498 , 0.377489 , -0.00232797
-0.653639,7.46667,0.376481 , 0.376484 , 0.000800572
-0.653639,7.73333,0.369313 , 0.369324 , 0.00290381
-0.653639,8,0.356477 , 0.356493 , 0.00429351
-0.653639,8.26667,0.338952 , 0.338969 , 0.00519489
-0.653639,8.53333,0.31791 , 0.317928 , 0.00576484
-0.653639,8.8,0.29453 , 0.294548 , 0.00611113
-0.653639,9.06667,0.269882 , 0.269899 , 0.00630759
-0.653639,9.33333,0.24487 , 0.244886 , 0.00640487
-0.653639,9.6,0.220216 , 0.22023 , 0.00643787
-0.653639,9.86667,0.196464 , 0.196476 , 0.00643082
-0.641477,2.13333,2.80268 , 2.80271 , 0.00105189
-0.641477,2.4,2.31686 , 2.31687 , 0.000477259
-0.641477,2.66667,1.94443 , 1.94444 , 0.000234308
-0.641477,2.93333,1.65034 , 1.65036 , 0.00127475
-0.641477,3.2,1.41501 , 1.41504 , 0.00251831
-0.641477,3.46667,1.2371 , 1.23716 , 0.00482426
-0.641477,3.73333,1.11245 , 1.11253 , 0.0079869
-0.641477,4,1.01421 , 1.0143 , 0.00855562
-0.641477,4.26667,0.910277 , 0.910317 , 0.00442785
-0.641477,4.53333,0.788743 , 0.788715 , -0.0036463
-0.641477,4.8,0.660567 , 0.660476 , -0.0137131
-0.641477,5.06667,0.545309 , 0.545182 , -0.023433
-0.641477,5.33333,0.45764 , 0.457502 , -0.0301657
-0.641477,5.6,0.40222 , 0.402092 , -0.0318055
-0.641477,5.86667,0.375252 , 0.375145 , -0.0283283
-0.641477,6.13333,0.368511 , 0.36843 , -0.0218977
-0.641477,6.4,0.372966 , 0.37291 , -0.0150333
-0.641477,6.66667,0.380998 , 0.380963 , -0.00919045
-0.641477,6.93333,0.38726 , 0.387242 , -0.00476049
-0.641477,7.2,0.38867 , 0.388664 , -0.00160127
-0.641477,7.46667,0.383964 , 0.383967 , 0.000577248
-0.641477,7.73333,0.373141 , 0.373149 , 0.00204857
-0.641477,8,0.35696 , 0.356971 , 0.00302576
-0.641477,8.26667,0.336555 , 0.336568 , 0.00366279
-0.641477,8.53333,0.313168 , 0.313181 , 0.0040675
-0.641477,8.8,0.28798 , 0.287993 , 0.0043145
-0.641477,9.06667,0.262026 , 0.262038 , 0.00445529
-0.641477,9.33333,0.236154 , 0.236165 , 0.00452547
-0.641477,9.6,0.211018 , 0.211028 , 0.00454972
-0.641477,9.86667,0.187097 , 0.187106 , 0.00454531
-0.629315,2.13333,2.82718 , 2.82721 , 0.000872708
-0.629315,2.4,2.33624 , 2.33625 , 0.00037545
-0.629315,2.66667,1.95991 , 1.95992 , 0.000150504
-0.629315,2.93333,1.66328 , 1.6633 , 0.000968867
-0.629315,3.2,1.42853 , 1.42856 , 0.00197348
-0.629315,3.46667,1.25301 , 1.25306 , 0.0038107
-0.629315,3.73333,1.12686 , 1.12693 , 0.0062647
-0.629315,4,1.02064 , 1.02071 , 0.00667653
-0.629315,4.26667,0.906158 , 0.906189 , 0.00344313
-0.629315,4.53333,0.777455 , 0.777433 , -0.00287154
-0.629315,4.8,0.648523 , 0.648454 , -0.0106743
-0.629315,5.06667,0.538182 , 0.538085 , -0.0179534
-0.629315,5.33333,0.458318 , 0.458215 , -0.0225555
-0.629315,5.6,0.410717 , 0.410622 , -0.0231088
-0.629315,5.86667,0.389661 , 0.389583 , -0.0200594
-0.629315,6.13333,0.386129 , 0.38607 , -0.0152329
-0.629315,6.4,0.391152 , 0.391112 , -0.0103588
-0.629315,6.66667,0.397648 , 0.397623 , -0.00630895
-0.629315,6.93333,0.40097 , 0.400957 , -0.00326453
-0.629315,7.2,0.398702 , 0.398698 , -0.00109495
-0.629315,7.46667,0.390116 , 0.390117 , 0.000405456
-0.629315,7.73333,0.375589 , 0.375595 , 0.00142306
-0.629315,8,0.356119 , 0.356127 , 0.00210187
-0.629315,8.26667,0.33296 , 0.332969 , 0.00254615
-0.629315,8.53333,0.307391 , 0.3074 , 0.00282933
-0.629315,8.8,0.280577 , 0.280585 , 0.00300258
-0.629315,9.06667,0.253501 , 0.253509 , 0.00310147
-0.629315,9.33333,0.226942 , 0.22695 , 0.00315075
-0.629315,9.6,0.201485 , 0.201492 , 0.0031677
-0.629315,9.86667,0.177536 , 0.177541 , 0.00316443
