-0.984455 , 1.09 , 0
-0.984455 , 1.27 , 0
-0.984455 , 1.45 , 0
-0.984455 , 1.63 , 0
-0.984455 , 1.81 , 0
-0.984455 , 1.99 , 0
-0.984455 , 2.17 , 0
-0.984455 , 2.35 , 0
-0.984455 , 2.53 , 0
-0.984455 , 2.71 , 0
-0.984455 , 2.89 , 0
-0.984455 , 3.07 , 0
-0.984455 , 3.25 , 0
-0.984455 , 3.43 , 0
-0.984455 , 3.61 , 0
-0.984455 , 3.79 , 0
-0.984455 , 3.97 , 0
-0.984455 , 4.15 , 0
-0.984455 , 4.33 , 0
-0.984455 , 4.51 , 0
-0.984455 , 4.69 , 0
-0.984455 , 4.87 , 0
-0.984455 , 5.05 , 0
-0.984455 , 5.23 , 0
-0.984455 , 5.41 , 0
-0.984455 , 5.59 , 0
-0.984455 , 5.77 , 0
-0.984455 , 5.95 , 0
-0.984455 , 6.13 , 0
-0.984455 , 6.31 , 0
-0.984455 , 6.49 , 0
-0.984455 , 6.67 , 0
-0.984455 , 6.85 , 0
-0.984455 , 7.03 , 0
-0.984455 , 7.21 , 0
-0.984455 , 7.39 , 0
-0.984455 , 7.57 , 0
-0.984455 , 7.75 , 0
-0.984455 , 7.93 , 0
-0.984455 , 8.11 , 0
-0.984455 , 8.29 , 0
-0.984455 , 8.47 , 0
-0.984455 , 8.65 , 0
-0.984455 , 8.83 , 0
-0.984455 , 9.01 , 0
-0.984455 , 9.19 , 0
-0.984455 , 9.37 , 0
-0.984455 , 9.55 , 0
-0.984455 , 9.73 , 0
-0.984455 , 9.91 , 0
-0.977166 , 1.09 , 0
-0.977166 , 1.27 , 0
-0.977166 , 1.45 , 0
-0.977166 , 1.63 , 0
-0.977166 , 1.81 , 0
-0.977166 , 1.99 , 0
-0.977166 , 2.17 , 0
-0.977166 , 2.35 , 0
-0.977166 , 2.53 , 0
-0.977166 , 2.71 , 0
-0.977166 , 2.89 , 0
-0.977166 , 3.07 , 0
-0.977166 , 3.25 , 0
-0.977166 , 3.43 , 0
-0.977166 , 3.61 , 0
-0.977166 , 3.79 , 0
-0.977166 , 3.97 , 0
-0.977166 , 4.15 , 0
-0.977166 , 4.33 , 0
-0.977166 , 4.51 , 0
-0.977166 , 4.69 , 0
-0.977166 , 4.87 , 0
-0.977166 , 5.05 , 0
-0.977166 , 5.23 , 0
-0.977166 , 5.41 , 0
-0.977166 , 5.59 , 0
-0.977166 , 5.77 , 0
-0.977166 , 5.95 , 0
-0.977166 , 6.13 , 0
-0.977166 , 6.31 , 0
-0.977166 , 6.49 , 0
-0.977166 , 6.67 , 0
-0.977166 , 6.85 , 0
-0.977166 , 7.03 , 0
-0.977166 , 7.21 , 0
-0.977166 , 7.39 , 0
-0.977166 , 7.57 , 0
-0.977166 , 7.75 , 0
-0.977166 , 7.93 , 0
-0.977166 , 8.11 , 0
-0.977166 , 8.29 , 0
-0.977166 , 8.47 , 0
-0.977166 , 8.65 , 0
-0.977166 , 8.83 , 0
-0.977166 , 9.01 , 0
-0.977166 , 9.19 , 0
-0.977166 , 9.37 , 0
-0.977166 , 9.55 , 0
-0.977166 , 9.73 , 0
-0.977166 , 9.91 , 0
-0.969878 , 1.09 , 0
-0.969878 , 1.27 , 0
-0.969878 , 1.45 , 0
-0.969878 , 1.63 , 0
-0.969878 , 1.81 , 0
-0.969878 , 1.99 , 0
-0.969878 , 2.17 , 0
-0.969878 , 2.35 , 0
-0.969878 , 2.53 , 0
-0.969878 , 2.71 , 0
-0.969878 , 2.89 , 0
-0.969878 , 3.07 , 0
-0.969878 , 3.25 , 0
-0.969878 , 3.43 , 0
-0.969878 , 3.61 , 0
-0.969878 , 3.79 , 0
-0.969878 , 3.97 , 0
-0.969878 , 4.15 , 0
-0.969878 , 4.33 , 0
-0.969878 , 4.51 , 0
-0.969878 , 4.69 , 0
-0.969878 , 4.87 , 0
-0.969878 , 5.05 , 0
-0.969878 , 5.23 , 0
-0.969878 , 5.41 , 0
-0.969878 , 5.59 , 0
-0.969878 , 5.77 , 0
-0.969878 , 5.95 , 0
-0.969878 , 6.13 , 0
-0.969878 , 6.31 , 0
-0.969878 , 6.49 , 0
-0.969878 , 6.67 , 0
-0.969878 , 6.85 , 0
-0.969878 , 7.03 , 0
-0.969878 , 7.21 , 0
-0.969878 , 7.39 , 0
-0.969878 , 7.57 , 0
-0.969878 , 7.75 , 0
-0.969878 , 7.93 , 0
-0.969878 , 8.11 , 0
-0.969878 , 8.29 , 0
-0.969878 , 8.47 , 0
-0.969878 , 8.65 , 0
-0.969878 , 8.83 , 0
-0.969878 , 9.01 , 0
-0.969878 , 9.19 , 0
-0.969878 , 9.37 , 0
-0.969878 , 9.55 , 0
-0.969878 , 9.73 , 0
-0.969878 , 9.91 , 0
-0.96259 , 1.09 , 0
-0.96259 , 1.27 , 0
-0.96259 , 1.45 , 0
-0.96259 , 1.63 , 0
-0.96259 , 1.81 , 0
-0.96259 , 1.99 , 0
-0.96259 , 2.17 , 0
-0.96259 , 2.35 , 0
-0.96259 , 2.53 , 0
-0.96259 , 2.71 , 0
-0.96259 , 2.89 , 0
-0.96259 , 3.07 , 0
-0.96259 , 3.25 , 0
-0.96259 , 3.43 , 0
-0.96259 , 3.61 , 0
-0.96259 , 3.79 , 0
-0.96259 , 3.97 , 0
-0.96259 , 4.15 , 0
-0.96259 , 4.33 , 0
-0.96259 , 4.51 , 0
-0.96259 , 4.69 , 0
-0.96259 , 4.87 , 0
-0.96259 , 5.05 , 0
-0.96259 , 5.23 , 0
-0.96259 , 5.41 , 0
-0.96259 , 5.59 , 0
-0.96259 , 5.77 , 0
-0.96259 , 5.95 , 0
-0.96259 , 6.13 , 0
-0.96259 , 6.31 , 0
-0.96259 , 6.49 , 0
-0.96259 , 6.67 , 0
-0.96259 , 6.85 , 0
-0.96259 , 7.03 , 0
-0.96259 , 7.21 , 0
-0.96259 , 7.39 , 0
-0.96259 , 7.57 , 0
-0.96259 , 7.75 , 0
-0.96259 , 7.93 , 0
-0.96259 , 8.11 , 0
-0.96259 , 8.29 , 0
-0.96259 , 8.47 , 0
-0.96259 , 8.65 , 0
-0.96259 , 8.83 , 0
-0.96259 , 9.01 , 0
-0.96259 , 9.19 , 0
-0.96259 , 9.37 , 0
-0.96259 , 9.55 , 0
-0.96259 , 9.73 , 0
-0.96259 , 9.91 , 0
-0.955302 , 1.09 , 0
-0.955302 , 1.27 , 0
-0.955302 , 1.45 , 0
-0.955302 , 1.63 , 0
-0.955302 , 1.81 , 0
-0.955302 , 1.99 , 0
-0.955302 , 2.17 , 0
-0.955302 , 2.35 , 0
-0.955302 , 2.53 , 0
-0.955302 , 2.71 , 0
-0.955302 , 2.89 , 0
-0.955302 , 3.07 , 0
-0.955302 , 3.25 , 0
-0.955302 , 3.43 , 0
-0.955302 , 3.61 , 0
-0.955302 , 3.79 , 0
-0.955302 , 3.97 , 0
-0.955302 , 4.15 , 0
-0.955302 , 4.33 , 0
-0.955302 , 4.51 , 0
-0.955302 , 4.69 , 0
-0.955302 , 4.87 , 0
-0.955302 , 5.05 , 0
-0.955302 , 5.23 , 0
-0.955302 , 5.41 , 0
-0.955302 , 5.59 , 0
-0.955302 , 5.77 , 0
-0.955302 , 5.95 , 0
-0.955302 , 6.13 , 0
-0.955302 , 6.31 , 0
-0.955302 , 6.49 , 0
-0.955302 , 6.67 , 0
-0.955302 , 6.85 , 0
-0.955302 , 7.03 , 0
-0.955302 , 7.21 , 0
-0.955302 , 7.39 , 0
-0.955302 , 7.57 , 0
-0.955302 , 7.75 , 0
-0.955302 , 7.93 , 0
-0.955302 , 8.11 , 0
-0.955302 , 8.29 , 0
-0.955302 , 8.47 , 0
-0.955302 , 8.65 , 0
-0.955302 , 8.83 , 0
-0.955302 , 9.01 , 0
-0.955302 , 9.19 , 0
-0.955302 , 9.37 , 0
-0.955302 , 9.55 , 0
-0.955302 , 9.73 , 0
-0.955302 , 9.91 , 0
-0.948014 , 1.09 , 0
-0.948014 , 1.27 , 0
-0.948014 , 1.45 , 0
-0.948014 , 1.63 , 0
-0.948014 , 1.81 , 0
-0.948014 , 1.99 , 0
-0.948014 , 2.17 , 0
-0.948014 , 2.35 , 0
-0.948014 , 2.53 , 0
-0.948014 , 2.71 , 0
-0.948014 , 2.89 , 0
-0.948014 , 3.07 , 0
-0.948014 , 3.25 , 0
-0.948014 , 3.43 , 0
-0.948014 , 3.61 , 0
-0.948014 , 3.79 , 0
-0.948014 , 3.97 , 0
-0.948014 , 4.15 , 0
-0.948014 , 4.33 , 0
-0.948014 , 4.51 , 0
-0.948014 , 4.69 , 0
-0.948014 , 4.87 , 0
-0.948014 , 5.05 , 0
-0.948014 , 5.23 , 0
-0.948014 , 5.41 , 0
-0.948014 , 5.59 , 0
-0.948014 , 5.77 , 0
-0.948014 , 5.95 , 0
-0.948014 , 6.13 , 0
-0.948014 , 6.31 , 0
-0.948014 , 6.49 , 0
-0.948014 , 6.67 , 0
-0.948014 , 6.85 , 0
-0.948014 , 7.03 , 0
-0.948014 , 7.21 , 0
-0.948014 , 7.39 , 0
-0.948014 , 7.57 , 0
-0.948014 , 7.75 , 0
-0.948014 , 7.93 , 0
-0.948014 , 8.11 , 0
-0.948014 , 8.29 , 0
-0.948014 , 8.47 , 0
-0.948014 , 8.65 , 0
-0.948014 , 8.83 , 0
-0.948014 , 9.01 , 0
-0.948014 , 9.19 , 0
-0.948014 , 9.37 , 0
-0.948014 , 9.55 , 0
-0.948014 , 9.73 , 0
-0.948014 , 9.91 , 0
-0.940726 , 1.09 , 0
-0.940726 , 1.27 , 0
-0.940726 , 1.45 , 0
-0.940726 , 1.63 , 0
-0.940726 , 1.81 , 0
-0.940726 , 1.99 , 0
-0.940726 , 2.17 , 0
-0.940726 , 2.35 , 0
-0.940726 , 2.53 , 0
-0.940726 , 2.71 , 0
-0.940726 , 2.89 , 0
-0.940726 , 3.07 , 0
-0.940726 , 3.25 , 0
-0.940726 , 3.43 , 0
-0.940726 , 3.61 , 0
-0.940726 , 3.79 , 0
-0.940726 , 3.97 , 0
-0.940726 , 4.15 , 0
-0.940726 , 4.33 , 0
-0.940726 , 4.51 , 0
-0.940726 , 4.69 , 0
-0.940726 , 4.87 , 0
-0.940726 , 5.05 , 0
-0.940726 , 5.23 , 0
-0.940726 , 5.41 , 0
-0.940726 , 5.59 , 0
-0.940726 , 5.77 , 0
-0.940726 , 5.95 , 0
-0.940726 , 6.13 , 0
-0.940726 , 6.31 , 0
-0.940726 , 6.49 , 0
-0.940726 , 6.67 , 0
-0.940726 , 6.85 , 0
-0.940726 , 7.03 , 0
-0.940726 , 7.21 , 0
-0.940726 , 7.39 , 0
-0.940726 , 7.57 , 0
-0.940726 , 7.75 , 0
-0.940726 , 7.93 , 0
-0.940726 , 8.11 , 0
-0.940726 , 8.29 , 0
-0.940726 , 8.47 , 0
-0.940726 , 8.65 , 0
-0.940726 , 8.83 , 0
-0.940726 , 9.01 , 0
-0.940726 , 9.19 , 0
-0.940726 , 9.37 , 0
-0.940726 , 9.55 , 0
-0.940726 , 9.73 , 0
-0.940726 , 9.91 , 0
-0.933438 , 1.09 , 0
-0.933438 , 1.27 , 0
-0.933438 , 1.45 , 0
-0.933438 , 1.63 , 0
-0.933438 , 1.81 , 0
-0.933438 , 1.99 , 0
-0.933438 , 2.17 , 0
-0.933438 , 2.35 , 0
-0.933438 , 2.53 , 0
-0.933438 , 2.71 , 0
-0.933438 , 2.89 , 0
-0.933438 , 3.07 , 0
-0.933438 , 3.25 , 0
-0.933438 , 3.43 , 0
-0.933438 , 3.61 , 0
-0.933438 , 3.79 , 0
-0.933438 , 3.97 , 0
-0.933438 , 4.15 , 0
-0.933438 , 4.33 , 0
-0.933438 , 4.51 , 0
-0.933438 , 4.69 , 0
-0.933438 , 4.87 , 0
-0.933438 , 5.05 , 0
-0.933438 , 5.23 , 0
-0.933438 , 5.41 , 0
-0.933438 , 5.59 , 0
-0.933438 , 5.77 , 0
-0.933438 , 5.95 , 0
-0.933438 , 6.13 , 0
-0.933438 , 6.31 , 0
-0.933438 , 6.49 , 0
-0.933438 , 6.67 , 0
-0.933438 , 6.85 , 0
-0.933438 , 7.03 , 0
-0.933438 , 7.21 , 0
-0.933438 , 7.39 , 0
-0.933438 , 7.57 , 0
-0.933438 , 7.75 , 0
-0.933438 , 7.93 , 0
-0.933438 , 8.11 , 0
-0.933438 , 8.29 , 0
-0.933438 , 8.47 , 0
-0.933438 , 8.65 , 0
-0.933438 , 8.83 , 0
-0.933438 , 9.01 , 0
-0.933438 , 9.19 , 0
-0.933438 , 9.37 , 0
-0.933438 , 9.55 , 0
-0.933438 , 9.73 , 0
-0.933438 , 9.91 , 0
-0.92615 , 1.09 , 0
-0.92615 , 1.27 , 0
-0.92615 , 1.45 , 0
-0.92615 , 1.63 , 0
-0.92615 , 1.81 , 0
-0.92615 , 1.99 , 0
-0.92615 , 2.17 , 0
-0.92615 , 2.35 , 0
-0.92615 , 2.53 , 0
-0.92615 , 2.71 , 0
-0.92615 , 2.89 , 0
-0.92615 , 3.07 , 0
-0.92615 , 3.25 , 0
-0.92615 , 3.43 , 0
-0.92615 , 3.61 , 0
-0.92615 , 3.79 , 0
-0.92615 , 3.97 , 0
-0.92615 , 4.15 , 0
-0.92615 , 4.33 , 0
-0.92615 , 4.51 , 0
-0.92615 , 4.69 , 0
-0.92615 , 4.87 , 0
-0.92615 , 5.05 , 0
-0.92615 , 5.23 , 0
-0.92615 , 5.41 , 0
-0.92615 , 5.59 , 0
-0.92615 , 5.77 , 0
-0.92615 , 5.95 , 0
-0.92615 , 6.13 , 0
-0.92615 , 6.31 , 0
-0.92615 , 6.49 , 0
-0.92615 , 6.67 , 0
-0.92615 , 6.85 , 0
-0.92615 , 7.03 , 0
-0.92615 , 7.21 , 0
-0.92615 , 7.39 , 0
-0.92615 , 7.57 , 0
-0.92615 , 7.75 , 0
-0.92615 , 7.93 , 0
-0.92615 , 8.11 , 0
-0.92615 , 8.29 , 0
-0.92615 , 8.47 , 0
-0.92615 , 8.65 , 0
-0.92615 , 8.83 , 0
-0.92615 , 9.01 , 0
-0.92615 , 9.19 , 0
-0.92615 , 9.37 , 0
-0.92615 , 9.55 , 0
-0.92615 , 9.73 , 0
-0.92615 , 9.91 , 0
-0.918862 , 1.09 , 0
-0.918862 , 1.27 , 0
-0.918862 , 1.45 , 0
-0.918862 , 1.63 , 0
-0.918862 , 1.81 , 0
-0.918862 , 1.99 , 0
-0.918862 , 2.17 , 0
-0.918862 , 2.35 , 0
-0.918862 , 2.53 , 0
-0.918862 , 2.71 , 0
-0.918862 , 2.89 , 0
-0.918862 , 3.07 , 0
-0.918862 , 3.25 , 0
-0.918862 , 3.43 , 0
-0.918862 , 3.61 , 0
-0.918862 , 3.79 , 0
-0.918862 , 3.97 , 0
-0.918862 , 4.15 , 0
-0.918862 , 4.33 , 0
-0.918862 , 4.51 , 0
-0.918862 , 4.69 , 0
-0.918862 , 4.87 , 0
-0.918862 , 5.05 , 0
-0.918862 , 5.23 , 0
-0.918862 , 5.41 , 0
-0.918862 , 5.59 , 0
-0.918862 , 5.77 , 0
-0.918862 , 5.95 , 0
-0.918862 , 6.13 , 0
-0.918862 , 6.31 , 0
-0.918862 , 6.49 , 0
-0.918862 , 6.67 , 0
-0.918862 , 6.85 , 0
-0.918862 , 7.03 , 0
-0.918862 , 7.21 , 0
-0.918862 , 7.39 , 0
-0.918862 , 7.57 , 0
-0.918862 , 7.75 , 0
-0.918862 , 7.93 , 0
-0.918862 , 8.11 , 0
-0.918862 , 8.29 , 0
-0.918862 , 8.47 , 0
-0.918862 , 8.65 , 0
-0.918862 , 8.83 , 0
-0.918862 , 9.01 , 0
-0.918862 , 9.19 , 0
-0.918862 , 9.37 , 0
-0.918862 , 9.55 , 0
-0.918862 , 9.73 , 0
-0.918862 , 9.91 , 0
-0.911574 , 1.09 , 0
-0.911574 , 1.27 , 0
-0.911574 , 1.45 , 0
-0.911574 , 1.63 , 0
-0.911574 , 1.81 , 0
-0.911574 , 1.99 , 0
-0.911574 , 2.17 , 0
-0.911574 , 2.35 , 0
-0.911574 , 2.53 , 0
-0.911574 , 2.71 , 0
-0.911574 , 2.89 , 0
-0.911574 , 3.07 , 0
-0.911574 , 3.25 , 0
-0.911574 , 3.43 , 0
-0.911574 , 3.61 , 0
-0.911574 , 3.79 , 0
-0.911574 , 3.97 , 0
-0.911574 , 4.15 , 0
-0.911574 , 4.33 , 0
-0.911574 , 4.51 , 0
-0.911574 , 4.69 , 0
-0.911574 , 4.87 , 0
-0.911574 , 5.05 , 0
-0.911574 , 5.23 , 0
-0.911574 , 5.41 , 0
-0.911574 , 5.59 , 0
-0.911574 , 5.77 , 0
-0.911574 , 5.95 , 0
-0.911574 , 6.13 , 0
-0.911574 , 6.31 , 0
-0.911574 , 6.49 , 0
-0.911574 , 6.67 , 0
-0.911574 , 6.85 , 0
-0.911574 , 7.03 , 0
-0.911574 , 7.21 , 0
-0.911574 , 7.39 , 0
-0.911574 , 7.57 , 0
-0.911574 , 7.75 , 0
-0.911574 , 7.93 , 0
-0.911574 , 8.11 , 0
-0.911574 , 8.29 , 0
-0.911574 , 8.47 , 0
-0.911574 , 8.65 , 0
-0.911574 , 8.83 , 0
-0.911574 , 9.01 , 0
-0.911574 , 9.19 , 0
-0.911574 , 9.37 , 0
-0.911574 , 9.55 , 0
-0.911574 , 9.73 , 0
-0.911574 , 9.91 , 0
-0.904286 , 1.09 , 0
-0.904286 , 1.27 , 0
-0.904286 , 1.45 , 0
-0.904286 , 1.63 , 0
-0.904286 , 1.81 , 0
-0.904286 , 1.99 , 0
-0.904286 , 2.17 , 0
-0.904286 , 2.35 , 0
-0.904286 , 2.53 , 0
-0.904286 , 2.71 , 0
-0.904286 , 2.89 , 0
-0.904286 , 3.07 , 0
-0.904286 , 3.25 , 0
-0.904286 , 3.43 , 0
-0.904286 , 3.61 , 0
-0.904286 , 3.79 , 0
-0.904286 , 3.97 , 0
-0.904286 , 4.15 , 0
-0.904286 , 4.33 , 0
-0.904286 , 4.51 , 0
-0.904286 , 4.69 , 0
-0.904286 , 4.87 , 0
-0.904286 , 5.05 , 0
-0.904286 , 5.23 , 0
-0.904286 , 5.41 , 0
-0.904286 , 5.59 , 0
-0.904286 , 5.77 , 0
-0.904286 , 5.95 , 0
-0.904286 , 6.13 , 0
-0.904286 , 6.31 , 0
-0.904286 , 6.49 , 0
-0.904286 , 6.67 , 0
-0.904286 , 6.85 , 0
-0.904286 , 7.03 , 0
-0.904286 , 7.21 , 0
-0.904286 , 7.39 , 0
-0.904286 , 7.57 , 0
-0.904286 , 7.75 , 0
-0.904286 , 7.93 , 0
-0.904286 , 8.11 , 0
-0.904286 , 8.29 , 0
-0.904286 , 8.47 , 0
-0.904286 , 8.65 , 0
-0.904286 , 8.83 , 0
-0.904286 , 9.01 , 0
-0.904286 , 9.19 , 0
-0.904286 , 9.37 , 0
-0.904286 , 9.55 , 0
-0.904286 , 9.73 , 0
-0.904286 , 9.91 , 0
-0.896998 , 1.09 , 0
-0.896998 , 1.27 , 0
-0.896998 , 1.45 , 0
-0.896998 , 1.63 , 0
-0.896998 , 1.81 , 0
-0.896998 , 1.99 , 0
-0.896998 , 2.17 , 0
-0.896998 , 2.35 , 0
-0.896998 , 2.53 , 0
-0.896998 , 2.71 , 0
-0.896998 , 2.89 , 0
-0.896998 , 3.07 , 0
-0.896998 , 3.25 , 0
-0.896998 , 3.43 , 0
-0.896998 , 3.61 , 0
-0.896998 , 3.79 , 0
-0.896998 , 3.97 , 0
-0.896998 , 4.15 , 0
-0.896998 , 4.33 , 0
-0.896998 , 4.51 , 0
-0.896998 , 4.69 , 0
-0.896998 , 4.87 , 0
-0.896998 , 5.05 , 0
-0.896998 , 5.23 , 0
-0.896998 , 5.41 , 0
-0.896998 , 5.59 , 0
-0.896998 , 5.77 , 0
-0.896998 , 5.95 , 0
-0.896998 , 6.13 , 0
-0.896998 , 6.31 , 0
-0.896998 , 6.49 , 0
-0.896998 , 6.67 , 0
-0.896998 , 6.85 , 0
-0.896998 , 7.03 , 0
-0.896998 , 7.21 , 0
-0.896998 , 7.39 , 0
-0.896998 , 7.57 , 0
-0.896998 , 7.75 , 0
-0.896998 , 7.93 , 0
-0.896998 , 8.11 , 0
-0.896998 , 8.29 , 0
-0.896998 , 8.47 , 0
-0.896998 , 8.65 , 0
-0.896998 , 8.83 , 0
-0.896998 , 9.01 , 0
-0.896998 , 9.19 , 0
-0.896998 , 9.37 , 0
-0.896998 , 9.55 , 0
-0.896998 , 9.73 , 0
-0.896998 , 9.91 , 0
-0.88971 , 1.09 , 0
-0.88971 , 1.27 , 0
-0.88971 , 1.45 , 0
-0.88971 , 1.63 , 0
-0.88971 , 1.81 , 0
-0.88971 , 1.99 , 0
-0.88971 , 2.17 , 0
-0.88971 , 2.35 , 0
-0.88971 , 2.53 , 0
-0.88971 , 2.71 , 0
-0.88971 , 2.89 , 0
-0.88971 , 3.07 , 0
-0.88971 , 3.25 , 0
-0.88971 , 3.43 , 0
-0.88971 , 3.61 , 0
-0.88971 , 3.79 , 0
-0.88971 , 3.97 , 0
-0.88971 , 4.15 , 0
-0.88971 , 4.33 , 0
-0.88971 , 4.51 , 0
-0.88971 , 4.69 , 0
-0.88971 , 4.87 , 0
-0.88971 , 5.05 , 0
-0.88971 , 5.23 , 0
-0.88971 , 5.41 , 0
-0.88971 , 5.59 , 0
-0.88971 , 5.77 , 0
-0.88971 , 5.95 , 0
-0.88971 , 6.13 , 0
-0.88971 , 6.31 , 0
-0.88971 , 6.49 , 0
-0.88971 , 6.67 , 0
-0.88971 , 6.85 , 0
-0.88971 , 7.03 , 0
-0.88971 , 7.21 , 0
-0.88971 , 7.39 , 0
-0.88971 , 7.57 , 0
-0.88971 , 7.75 , 0
-0.88971 , 7.93 , 0
-0.88971 , 8.11 , 0
-0.88971 , 8.29 , 0
-0.88971 , 8.47 , 0
-0.88971 , 8.65 , 0
-0.88971 , 8.83 , 0
-0.88971 , 9.01 , 0
-0.88971 , 9.19 , 0
-0.88971 , 9.37 , 0
-0.88971 , 9.55 , 0
-0.88971 , 9.73 , 0
-0.88971 , 9.91 , 0
-0.882422 , 1.09 , 0
-0.882422 , 1.27 , 0
-0.882422 , 1.45 , 0
-0.882422 , 1.63 , 0
-0.882422 , 1.81 , 0
-0.882422 , 1.99 , 0
-0.882422 , 2.17 , 0
-0.882422 , 2.35 , 0
-0.882422 , 2.53 , 0
-0.882422 , 2.71 , 0
-0.882422 , 2.89 , 0
-0.882422 , 3.07 , 0
-0.882422 , 3.25 , 0
-0.882422 , 3.43 , 0
-0.882422 , 3.61 , 0
-0.882422 , 3.79 , 0
-0.882422 , 3.97 , 0
-0.882422 , 4.15 , 0
-0.882422 , 4.33 , 0
-0.882422 , 4.51 , 0
-0.882422 , 4.69 , 0
-0.882422 , 4.87 , 0
-0.882422 , 5.05 , 0
-0.882422 , 5.23 , 0
-0.882422 , 5.41 , 0
-0.882422 , 5.59 , 0
-0.882422 , 5.77 , 0
-0.882422 , 5.95 , 0
-0.882422 , 6.13 , 0
-0.882422 , 6.31 , 0
-0.882422 , 6.49 , 0
-0.882422 , 6.67 , 0
-0.882422 , 6.85 , 0
-0.882422 , 7.03 , 0
-0.882422 , 7.21 , 0
-0.882422 , 7.39 , 0
-0.882422 , 7.57 , 0
-0.882422 , 7.75 , 0
-0.882422 , 7.93 , 0
-0.882422 , 8.11 , 0
-0.882422 , 8.29 , 0
-0.882422 , 8.47 , 0
-0.882422 , 8.65 , 0
-0.882422 , 8.83 , 0
-0.882422 , 9.01 , 0
-0.882422 , 9.19 , 0
-0.882422 , 9.37 , 0
-0.882422 , 9.55 , 0
-0.882422 , 9.73 , 0
-0.882422 , 9.91 , 0
-0.875134 , 1.09 , 0
-0.875134 , 1.27 , 0
-0.875134 , 1.45 , 0
-0.875134 , 1.63 , 0
-0.875134 , 1.81 , 0
-0.875134 , 1.99 , 0
-0.875134 , 2.17 , 0
-0.875134 , 2.35 , 0
-0.875134 , 2.53 , 0
-0.875134 , 2.71 , 0
-0.875134 , 2.89 , 0
-0.875134 , 3.07 , 0
-0.875134 , 3.25 , 0
-0.875134 , 3.43 , 0
-0.875134 , 3.61 , 0
-0.875134 , 3.79 , 0
-0.875134 , 3.97 , 0
-0.875134 , 4.15 , 0
-0.875134 , 4.33 , 0
-0.875134 , 4.51 , 0
-0.875134 , 4.69 , 0
-0.875134 , 4.87 , 0
-0.875134 , 5.05 , 0
-0.875134 , 5.23 , 0
-0.875134 , 5.41 , 0
-0.875134 , 5.59 , 0
-0.875134 , 5.77 , 0
-0.875134 , 5.95 , 0
-0.875134 , 6.13 , 0
-0.875134 , 6.31 , 0
-0.875134 , 6.49 , 0
-0.875134 , 6.67 , 0
-0.875134 , 6.85 , 0
-0.875134 , 7.03 , 0
-0.875134 , 7.21 , 0
-0.875134 , 7.39 , 0
-0.875134 , 7.57 , 0
-0.875134 , 7.75 , 0
-0.875134 , 7.93 , 0
-0.875134 , 8.11 , 0
-0.875134 , 8.29 , 0
-0.875134 , 8.47 , 0
-0.875134 , 8.65 , 0
-0.875134 , 8.83 , 0
-0.875134 , 9.01 , 0
-0.875134 , 9.19 , 0
-0.875134 , 9.37 , 0
-0.875134 , 9.55 , 0
-0.875134 , 9.73 , 0
-0.875134 , 9.91 , 0
-0.867846 , 1.09 , 0
-0.867846 , 1.27 , 0
-0.867846 , 1.45 , 0
-0.867846 , 1.63 , 0
-0.867846 , 1.81 , 0
-0.867846 , 1.99 , 0
-0.867846 , 2.17 , 0
-0.867846 , 2.35 , 0
-0.867846 , 2.53 , 0
-0.867846 , 2.71 , 0
-0.867846 , 2.89 , 0
-0.867846 , 3.07 , 0
-0.867846 , 3.25 , 0
-0.867846 , 3.43 , 0
-0.867846 , 3.61 , 0
-0.867846 , 3.79 , 0
-0.867846 , 3.97 , 0
-0.867846 , 4.15 , 0
-0.867846 , 4.33 , 0
-0.867846 , 4.51 , 0
-0.867846 , 4.69 , 0
-0.867846 , 4.87 , 0
-0.867846 , 5.05 , 0
-0.867846 , 5.23 , 0
-0.867846 , 5.41 , 0
-0.867846 , 5.59 , 0
-0.867846 , 5.77 , 0
-0.867846 , 5.95 , 0
-0.867846 , 6.13 , 0
-0.867846 , 6.31 , 0
-0.867846 , 6.49 , 0
-0.867846 , 6.67 , 0
-0.867846 , 6.85 , 0
-0.867846 , 7.03 , 0
-0.867846 , 7.21 , 0
-0.867846 , 7.39 , 0
-0.867846 , 7.57 , 0
-0.867846 , 7.75 , 0
-0.867846 , 7.93 , 0
-0.867846 , 8.11 , 0
-0.867846 , 8.29 , 0
-0.867846 , 8.47 , 0
-0.867846 , 8.65 , 0
-0.867846 , 8.83 , 0
-0.867846 , 9.01 , 0
-0.867846 , 9.19 , 0
-0.867846 , 9.37 , 0
-0.867846 , 9.55 , 0
-0.867846 , 9.73 , 0
-0.867846 , 9.91 , 0
-0.860558 , 1.09 , 0
-0.860558 , 1.27 , 0
-0.860558 , 1.45 , 0
-0.860558 , 1.63 , 0
-0.860558 , 1.81 , 0
-0.860558 , 1.99 , 0
-0.860558 , 2.17 , 0
-0.860558 , 2.35 , 0
-0.860558 , 2.53 , 0
-0.860558 , 2.71 , 0
-0.860558 , 2.89 , 0
-0.860558 , 3.07 , 0
-0.860558 , 3.25 , 0
-0.860558 , 3.43 , 0
-0.860558 , 3.61 , 0
-0.860558 , 3.79 , 0
-0.860558 , 3.97 , 0
-0.860558 , 4.15 , 0
-0.860558 , 4.33 , 0
-0.860558 , 4.51 , 0
-0.860558 , 4.69 , 0
-0.860558 , 4.87 , 0
-0.860558 , 5.05 , 0
-0.860558 , 5.23 , 0
-0.860558 , 5.41 , 0
-0.860558 , 5.59 , 0
-0.860558 , 5.77 , 0
-0.860558 , 5.95 , 0
-0.860558 , 6.13 , 0
-0.860558 , 6.31 , 0
-0.860558 , 6.49 , 0
-0.860558 , 6.67 , 0
-0.860558 , 6.85 , 0
-0.860558 , 7.03 , 0
-0.860558 , 7.21 , 0
-0.860558 , 7.39 , 0
-0.860558 , 7.57 , 0
-0.860558 , 7.75 , 0
-0.860558 , 7.93 , 0
-0.860558 , 8.11 , 0
-0.860558 , 8.29 , 0
-0.860558 , 8.47 , 0
-0.860558 , 8.65 , 0
-0.860558 , 8.83 , 0
-0.860558 , 9.01 , 0
-0.860558 , 9.19 , 0
-0.860558 , 9.37 , 0
-0.860558 , 9.55 , 0
-0.860558 , 9.73 , 0
-0.860558 , 9.91 , 0
-0.85327 , 1.09 , 0
-0.85327 , 1.27 , 0
-0.85327 , 1.45 , 0
-0.85327 , 1.63 , 0
-0.85327 , 1.81 , 0
-0.85327 , 1.99 , 0
-0.85327 , 2.17 , 0
-0.85327 , 2.35 , 0
-0.85327 , 2.53 , 0
-0.85327 , 2.71 , 0
-0.85327 , 2.89 , 0
-0.85327 , 3.07 , 0
-0.85327 , 3.25 , 0
-0.85327 , 3.43 , 0
-0.85327 , 3.61 , 0
-0.85327 , 3.79 , 0
-0.85327 , 3.97 , 0
-0.85327 , 4.15 , 0
-0.85327 , 4.33 , 0
-0.85327 , 4.51 , 0
-0.85327 , 4.69 , 0
-0.85327 , 4.87 , 0
-0.85327 , 5.05 , 0
-0.85327 , 5.23 , 0
-0.85327 , 5.41 , 0
-0.85327 , 5.59 , 0
-0.85327 , 5.77 , 0
-0.85327 , 5.95 , 0
-0.85327 , 6.13 , 0
-0.85327 , 6.31 , 0
-0.85327 , 6.49 , 0
-0.85327 , 6.67 , 0
-0.85327 , 6.85 , 0
-0.85327 , 7.03 , 0
-0.85327 , 7.21 , 0
-0.85327 , 7.39 , 0
-0.85327 , 7.57 , 0
-0.85327 , 7.75 , 0
-0.85327 , 7.93 , 0
-0.85327 , 8.11 , 0
-0.85327 , 8.29 , 0
-0.85327 , 8.47 , 0
-0.85327 , 8.65 , 0
-0.85327 , 8.83 , 0
-0.85327 , 9.01 , 0
-0.85327 , 9.19 , 0
-0.85327 , 9.37 , 0
-0.85327 , 9.55 , 0
-0.85327 , 9.73 , 0
-0.85327 , 9.91 , 0
-0.845982 , 1.09 , 0
-0.845982 , 1.27 , 0
-0.845982 , 1.45 , 0
-0.845982 , 1.63 , 0
-0.845982 , 1.81 , 0
-0.845982 , 1.99 , 0
-0.845982 , 2.17 , 0
-0.845982 , 2.35 , 0
-0.845982 , 2.53 , 0
-0.845982 , 2.71 , 0
-0.845982 , 2.89 , 0
-0.845982 , 3.07 , 0
-0.845982 , 3.25 , 0
-0.845982 , 3.43 , 0
-0.845982 , 3.61 , 0
-0.845982 , 3.79 , 0
-0.845982 , 3.97 , 0
-0.845982 , 4.15 , 0
-0.845982 , 4.33 , 0
-0.845982 , 4.51 , 0
-0.845982 , 4.69 , 0
-0.845982 , 4.87 , 0
-0.845982 , 5.05 , 0
-0.845982 , 5.23 , 0
-0.845982 , 5.41 , 0
-0.845982 , 5.59 , 0
-0.845982 , 5.77 , 0
-0.845982 , 5.95 , 0
-0.845982 , 6.13 , 0
-0.845982 , 6.31 , 0
-0.845982 , 6.49 , 0
-0.845982 , 6.67 , 0
-0.845982 , 6.85 , 0
-0.845982 , 7.03 , 0
-0.845982 , 7.21 , 0
-0.845982 , 7.39 , 0
-0.845982 , 7.57 , 0
-0.845982 , 7.75 , 0
-0.845982 , 7.93 , 0
-0.845982 , 8.11 , 0
-0.845982 , 8.29 , 0
-0.845982 , 8.47 , 0
-0.845982 , 8.65 , 0
-0.845982 , 8.83 , 0
-0.845982 , 9.01 , 0
-0.845982 , 9.19 , 0
-0.845982 , 9.37 , 0
-0.845982 , 9.55 , 0
-0.845982 , 9.73 , 0
-0.845982 , 9.91 , 0
-0.838694 , 1.09 , 0
-0.838694 , 1.27 , 0
-0.838694 , 1.45 , 0
-0.838694 , 1.63 , 0
-0.838694 , 1.81 , 0
-0.838694 , 1.99 , 0
-0.838694 , 2.17 , 0
-0.838694 , 2.35 , 0
-0.838694 , 2.53 , 0
-0.838694 , 2.71 , 0
-0.838694 , 2.89 , 0
-0.838694 , 3.07 , 0
-0.838694 , 3.25 , 0
-0.838694 , 3.43 , 0
-0.838694 , 3.61 , 0
-0.838694 , 3.79 , 0
-0.838694 , 3.97 , 0
-0.838694 , 4.15 , 0
-0.838694 , 4.33 , 0
-0.838694 , 4.51 , 0
-0.838694 , 4.69 , 0
-0.838694 , 4.87 , 0
-0.838694 , 5.05 , 0
-0.838694 , 5.23 , 0
-0.838694 , 5.41 , 0
-0.838694 , 5.59 , 0
-0.838694 , 5.77 , 0
-0.838694 , 5.95 , 0
-0.838694 , 6.13 , 0
-0.838694 , 6.31 , 0
-0.838694 , 6.49 , 0
-0.838694 , 6.67 , 0
-0.838694 , 6.85 , 0
-0.838694 , 7.03 , 0
-0.838694 , 7.21 , 0
-0.838694 , 7.39 , 0
-0.838694 , 7.57 , 0
-0.838694 , 7.75 , 0
-0.838694 , 7.93 , 0
-0.838694 , 8.11 , 0
-0.838694 , 8.29 , 0
-0.838694 , 8.47 , 0
-0.838694 , 8.65 , 0
-0.838694 , 8.83 , 0
-0.838694 , 9.01 , 0
-0.838694 , 9.19 , 0
-0.838694 , 9.37 , 0
-0.838694 , 9.55 , 0
-0.838694 , 9.73 , 0
-0.838694 , 9.91 , 0
-0.831406 , 1.09 , 0
-0.831406 , 1.27 , 0
-0.831406 , 1.45 , 0
-0.831406 , 1.63 , 0
-0.831406 , 1.81 , 0
-0.831406 , 1.99 , 0
-0.831406 , 2.17 , 0
-0.831406 , 2.35 , 0
-0.831406 , 2.53 , 0
-0.831406 , 2.71 , 0
-0.831406 , 2.89 , 0
-0.831406 , 3.07 , 0
-0.831406 , 3.25 , 0
-0.831406 , 3.43 , 0
-0.831406 , 3.61 , 0
-0.831406 , 3.79 , 0
-0.831406 , 3.97 , 0
-0.831406 , 4.15 , 0
-0.831406 , 4.33 , 0
-0.831406 , 4.51 , 0
-0.831406 , 4.69 , 0
-0.831406 , 4.87 , 0
-0.831406 , 5.05 , 0
-0.831406 , 5.23 , 0
-0.831406 , 5.41 , 0
-0.831406 , 5.59 , 0
-0.831406 , 5.77 , 0
-0.831406 , 5.95 , 0
-0.831406 , 6.13 , 0
-0.831406 , 6.31 , 0
-0.831406 , 6.49 , 0
-0.831406 , 6.67 , 0
-0.831406 , 6.85 , 0
-0.831406 , 7.03 , 0
-0.831406 , 7.21 , 0
-0.831406 , 7.39 , 0
-0.831406 , 7.57 , 0
-0.831406 , 7.75 , 0
-0.831406 , 7.93 , 0
-0.831406 , 8.11 , 0
-0.831406 , 8.29 , 0
-0.831406 , 8.47 , 0
-0.831406 , 8.65 , 0
-0.831406 , 8.83 , 0
-0.831406 , 9.01 , 0
-0.831406 , 9.19 , 0
-0.831406 , 9.37 , 0
-0.831406 , 9.55 , 0
-0.831406 , 9.73 , 0
-0.831406 , 9.91 , 0
-0.824117 , 1.09 , 0
-0.824117 , 1.27 , 0
-0.824117 , 1.45 , 0
-0.824117 , 1.63 , 0
-0.824117 , 1.81 , 0
-0.824117 , 1.99 , 0
-0.824117 , 2.17 , 0
-0.824117 , 2.35 , 0
-0.824117 , 2.53 , 0
-0.824117 , 2.71 , 0
-0.824117 , 2.89 , 0
-0.824117 , 3.07 , 0
-0.824117 , 3.25 , 0
-0.824117 , 3.43 , 0
-0.824117 , 3.61 , 0
-0.824117 , 3.79 , 0
-0.824117 , 3.97 , 0
-0.824117 , 4.15 , 0
-0.824117 , 4.33 , 0
-0.824117 , 4.51 , 0
-0.824117 , 4.69 , 0
-0.824117 , 4.87 , 0
-0.824117 , 5.05 , 0
-0.824117 , 5.23 , 0
-0.824117 , 5.41 , 0
-0.824117 , 5.59 , 0
-0.824117 , 5.77 , 0
-0.824117 , 5.95 , 0
-0.824117 , 6.13 , 0
-0.824117 , 6.31 , 0
-0.824117 , 6.49 , 0
-0.824117 , 6.67 , 0
-0.824117 , 6.85 , 0
-0.824117 , 7.03 , 0
-0.824117 , 7.21 , 0
-0.824117 , 7.39 , 0
-0.824117 , 7.57 , 0
-0.824117 , 7.75 , 0
-0.824117 , 7.93 , 0
-0.824117 , 8.11 , 0
-0.824117 , 8.29 , 0
-0.824117 , 8.47 , 0
-0.824117 , 8.65 , 0
-0.824117 , 8.83 , 0
-0.824117 , 9.01 , 0
-0.824117 , 9.19 , 0
-0.824117 , 9.37 , 0
-0.824117 , 9.55 , 0
-0.824117 , 9.73 , 0
-0.824117 , 9.91 , 0
-0.816829 , 1.09 , 0
-0.816829 , 1.27 , 0
-0.816829 , 1.45 , 0
-0.816829 , 1.63 , 0
-0.816829 , 1.81 , 0
-0.816829 , 1.99 , 0
-0.816829 , 2.17 , 0
-0.816829 , 2.35 , 0
-0.816829 , 2.53 , 0
-0.816829 , 2.71 , 0
-0.816829 , 2.89 , 0
-0.816829 , 3.07 , 0
-0.816829 , 3.25 , 0
-0.816829 , 3.43 , 0
-0.816829 , 3.61 , 0
-0.816829 , 3.79 , 0
-0.816829 , 3.97 , 0
-0.816829 , 4.15 , 0
-0.816829 , 4.33 , 0
-0.816829 , 4.51 , 0
-0.816829 , 4.69 , 0
-0.816829 , 4.87 , 0
-0.816829 , 5.05 , 0
-0.816829 , 5.23 , 0
-0.816829 , 5.41 , 0
-0.816829 , 5.59 , 0
-0.816829 , 5.77 , 0
-0.816829 , 5.95 , 0
-0.816829 , 6.13 , 0
-0.816829 , 6.31 , 0
-0.816829 , 6.49 , 0
-0.816829 , 6.67 , 0
-0.816829 , 6.85 , 0
-0.816829 , 7.03 , 0
-0.816829 , 7.21 , 0
-0.816829 , 7.39 , 0
-0.816829 , 7.57 , 0
-0.816829 , 7.75 , 0
-0.816829 , 7.93 , 0
-0.816829 , 8.11 , 0
-0.816829 , 8.29 , 0
-0.816829 , 8.47 , 0
-0.816829 , 8.65 , 0
-0.816829 , 8.83 , 0
-0.816829 , 9.01 , 0
-0.816829 , 9.19 , 0
-0.816829 , 9.37 , 0
-0.816829 , 9.55 , 0
-0.816829 , 9.73 , 0
-0.816829 , 9.91 , 0
-0.809541 , 1.09 , 0
-0.809541 , 1.27 , 0
-0.809541 , 1.45 , 0
-0.809541 , 1.63 , 0
-0.809541 , 1.81 , 0
-0.809541 , 1.99 , 0
-0.809541 , 2.17 , 0
-0.809541 , 2.35 , 0
-0.809541 , 2.53 , 0
-0.809541 , 2.71 , 0
-0.809541 , 2.89 , 0
-0.809541 , 3.07 , 0
-0.809541 , 3.25 , 0
-0.809541 , 3.43 , 0
-0.809541 , 3.61 , 0
-0.809541 , 3.79 , 0
-0.809541 , 3.97 , 0
-0.809541 , 4.15 , 0
-0.809541 , 4.33 , 0
-0.809541 , 4.51 , 0
-0.809541 , 4.69 , 0
-0.809541 , 4.87 , 0
-0.809541 , 5.05 , 0
-0.809541 , 5.23 , 0
-0.809541 , 5.41 , 0
-0.809541 , 5.59 , 0
-0.809541 , 5.77 , 0
-0.809541 , 5.95 , 0
-0.809541 , 6.13 , 0
-0.809541 , 6.31 , 0
-0.809541 , 6.49 , 0
-0.809541 , 6.67 , 0
-0.809541 , 6.85 , 0
-0.809541 , 7.03 , 0
-0.809541 , 7.21 , 0
-0.809541 , 7.39 , 0
-0.809541 , 7.57 , 0
-0.809541 , 7.75 , 0
-0.809541 , 7.93 , 0
-0.809541 , 8.11 , 0
-0.809541 , 8.29 , 0
-0.809541 , 8.47 , 0
-0.809541 , 8.65 , 0
-0.809541 , 8.83 , 0
-0.809541 , 9.01 , 0
-0.809541 , 9.19 , 0
-0.809541 , 9.37 , 0
-0.809541 , 9.55 , 0
-0.809541 , 9.73 , 0
-0.809541 , 9.91 , 0
-0.802253 , 1.09 , 0
-0.802253 , 1.27 , 0
-0.802253 , 1.45 , 0
-0.802253 , 1.63 , 0
-0.802253 , 1.81 , 0
-0.802253 , 1.99 , 0
-0.802253 , 2.17 , 0
-0.802253 , 2.35 , 0
-0.802253 , 2.53 , 0
-0.802253 , 2.71 , 0
-0.802253 , 2.89 , 0
-0.802253 , 3.07 , 0
-0.802253 , 3.25 , 0
-0.802253 , 3.43 , 0
-0.802253 , 3.61 , 0
-0.802253 , 3.79 , 0
-0.802253 , 3.97 , 0
-0.802253 , 4.15 , 0
-0.802253 , 4.33 , 0
-0.802253 , 4.51 , 0
-0.802253 , 4.69 , 0
-0.802253 , 4.87 , 0
-0.802253 , 5.05 , 0
-0.802253 , 5.23 , 0
-0.802253 , 5.41 , 0
-0.802253 , 5.59 , 0
-0.802253 , 5.77 , 0
-0.802253 , 5.95 , 0
-0.802253 , 6.13 , 0
-0.802253 , 6.31 , 0
-0.802253 , 6.49 , 0
-0.802253 , 6.67 , 0
-0.802253 , 6.85 , 0
-0.802253 , 7.03 , 0
-0.802253 , 7.21 , 0
-0.802253 , 7.39 , 0
-0.802253 , 7.57 , 0
-0.802253 , 7.75 , 0
-0.802253 , 7.93 , 0
-0.802253 , 8.11 , 0
-0.802253 , 8.29 , 0
-0.802253 , 8.47 , 0
-0.802253 , 8.65 , 0
-0.802253 , 8.83 , 0
-0.802253 , 9.01 , 0
-0.802253 , 9.19 , 0
-0.802253 , 9.37 , 0
-0.802253 , 9.55 , 0
-0.802253 , 9.73 , 0
-0.802253 , 9.91 , 0
-0.794965 , 1.09 , 0
-0.794965 , 1.27 , 0
-0.794965 , 1.45 , 0
-0.794965 , 1.63 , 0
-0.794965 , 1.81 , 0
-0.794965 , 1.99 , 0
-0.794965 , 2.17 , 0
-0.794965 , 2.35 , 0
-0.794965 , 2.53 , 0
-0.794965 , 2.71 , 0
-0.794965 , 2.89 , 0
-0.794965 , 3.07 , 0
-0.794965 , 3.25 , 0
-0.794965 , 3.43 , 0
-0.794965 , 3.61 , 0
-0.794965 , 3.79 , 0
-0.794965 , 3.97 , 0
-0.794965 , 4.15 , 0
-0.794965 , 4.33 , 0
-0.794965 , 4.51 , 0
-0.794965 , 4.69 , 0
-0.794965 , 4.87 , 0
-0.794965 , 5.05 , 0
-0.794965 , 5.23 , 0
-0.794965 , 5.41 , 0
-0.794965 , 5.59 , 0
-0.794965 , 5.77 , 0
-0.794965 , 5.95 , 0
-0.794965 , 6.13 , 0
-0.794965 , 6.31 , 0
-0.794965 , 6.49 , 0
-0.794965 , 6.67 , 0
-0.794965 , 6.85 , 0
-0.794965 , 7.03 , 0
-0.794965 , 7.21 , 0
-0.794965 , 7.39 , 0
-0.794965 , 7.57 , 0
-0.794965 , 7.75 , 0
-0.794965 , 7.93 , 0
-0.794965 , 8.11 , 0
-0.794965 , 8.29 , 0
-0.794965 , 8.47 , 0
-0.794965 , 8.65 , 0
-0.794965 , 8.83 , 0
-0.794965 , 9.01 , 0
-0.794965 , 9.19 , 0
-0.794965 , 9.37 , 0
-0.794965 , 9.55 , 0
-0.794965 , 9.73 , 0
-0.794965 , 9.91 , 0
-0.787677 , 1.09 , 0
-0.787677 , 1.27 , 0
-0.787677 , 1.45 , 0
-0.787677 , 1.63 , 0
-0.787677 , 1.81 , 0
-0.787677 , 1.99 , 0
-0.787677 , 2.17 , 0
-0.787677 , 2.35 , 0
-0.787677 , 2.53 , 0
-0.787677 , 2.71 , 0
-0.787677 , 2.89 , 0
-0.787677 , 3.07 , 0
-0.787677 , 3.25 , 0
-0.787677 , 3.43 , 0
-0.787677 , 3.61 , 0
-0.787677 , 3.79 , 0
-0.787677 , 3.97 , 0
-0.787677 , 4.15 , 0
-0.787677 , 4.33 , 0
-0.787677 , 4.51 , 0
-0.787677 , 4.69 , 0
-0.787677 , 4.87 , 0
-0.787677 , 5.05 , 0
-0.787677 , 5.23 , 0
-0.787677 , 5.41 , 0
-0.787677 , 5.59 , 0
-0.787677 , 5.77 , 0
-0.787677 , 5.95 , 0
-0.787677 , 6.13 , 0
-0.787677 , 6.31 , 0
-0.787677 , 6.49 , 0
-0.787677 , 6.67 , 0
-0.787677 , 6.85 , 0
-0.787677 , 7.03 , 0
-0.787677 , 7.21 , 0
-0.787677 , 7.39 , 0
-0.787677 , 7.57 , 0
-0.787677 , 7.75 , 0
-0.787677 , 7.93 , 0
-0.787677 , 8.11 , 0
-0.787677 , 8.29 , 0
-0.787677 , 8.47 , 0
-0.787677 , 8.65 , 0
-0.787677 , 8.83 , 0
-0.787677 , 9.01 , 0
-0.787677 , 9.19 , 0
-0.787677 , 9.37 , 0
-0.787677 , 9.55 , 0
-0.787677 , 9.73 , 0
-0.787677 , 9.91 , 0
-0.780389 , 1.09 , 0
-0.780389 , 1.27 , 0
-0.780389 , 1.45 , 0
-0.780389 , 1.63 , 0
-0.780389 , 1.81 , 0
-0.780389 , 1.99 , 0
-0.780389 , 2.17 , 0
-0.780389 , 2.35 , 0
-0.780389 , 2.53 , 0
-0.780389 , 2.71 , 0
-0.780389 , 2.89 , 0
-0.780389 , 3.07 , 0
-0.780389 , 3.25 , 0
-0.780389 , 3.43 , 0
-0.780389 , 3.61 , 0
-0.780389 , 3.79 , 0
-0.780389 , 3.97 , 0
-0.780389 , 4.15 , 0
-0.780389 , 4.33 , 0
-0.780389 , 4.51 , 0
-0.780389 , 4.69 , 0
-0.780389 , 4.87 , 0
-0.780389 , 5.05 , 0
-0.780389 , 5.23 , 0
-0.780389 , 5.41 , 0
-0.780389 , 5.59 , 0
-0.780389 , 5.77 , 0
-0.780389 , 5.95 , 0
-0.780389 , 6.13 , 0
-0.780389 , 6.31 , 0
-0.780389 , 6.49 , 0
-0.780389 , 6.67 , 0
-0.780389 , 6.85 , 0
-0.780389 , 7.03 , 0
-0.780389 , 7.21 , 0
-0.780389 , 7.39 , 0
-0.780389 , 7.57 , 0
-0.780389 , 7.75 , 0
-0.780389 , 7.93 , 0
-0.780389 , 8.11 , 0
-0.780389 , 8.29 , 0
-0.780389 , 8.47 , 0
-0.780389 , 8.65 , 0
-0.780389 , 8.83 , 0
-0.780389 , 9.01 , 0
-0.780389 , 9.19 , 0
-0.780389 , 9.37 , 0
-0.780389 , 9.55 , 0
-0.780389 , 9.73 , 0
-0.780389 , 9.91 , 0
-0.773101 , 1.09 , 0
-0.773101 , 1.27 , 0
-0.773101 , 1.45 , 0
-0.773101 , 1.63 , 0
-0.773101 , 1.81 , 0
-0.773101 , 1.99 , 0
-0.773101 , 2.17 , 0
-0.773101 , 2.35 , 0
-0.773101 , 2.53 , 0
-0.773101 , 2.71 , 0
-0.773101 , 2.89 , 0
-0.773101 , 3.07 , 0
-0.773101 , 3.25 , 0
-0.773101 , 3.43 , 0
-0.773101 , 3.61 , 0
-0.773101 , 3.79 , 0
-0.773101 , 3.97 , 0
-0.773101 , 4.15 , 0
-0.773101 , 4.33 , 0
-0.773101 , 4.51 , 0
-0.773101 , 4.69 , 0
-0.773101 , 4.87 , 0
-0.773101 , 5.05 , 0
-0.773101 , 5.23 , 0
-0.773101 , 5.41 , 0
-0.773101 , 5.59 , 0
-0.773101 , 5.77 , 0
-0.773101 , 5.95 , 0
-0.773101 , 6.13 , 0
-0.773101 , 6.31 , 0
-0.773101 , 6.49 , 0
-0.773101 , 6.67 , 0
-0.773101 , 6.85 , 0
-0.773101 , 7.03 , 0
-0.773101 , 7.21 , 0
-0.773101 , 7.39 , 0
-0.773101 , 7.57 , 0
-0.773101 , 7.75 , 0
-0.773101 , 7.93 , 0
-0.773101 , 8.11 , 0
-0.773101 , 8.29 , 0
-0.773101 , 8.47 , 0
-0.773101 , 8.65 , 0
-0.773101 , 8.83 , 0
-0.773101 , 9.01 , 0
-0.773101 , 9.19 , 0
-0.773101 , 9.37 , 0
-0.773101 , 9.55 , 0
-0.773101 , 9.73 , 0
-0.773101 , 9.91 , 0
-0.765813 , 1.09 , 0
-0.765813 , 1.27 , 0
-0.765813 , 1.45 , 0
-0.765813 , 1.63 , 0
-0.765813 , 1.81 , 0
-0.765813 , 1.99 , 0
-0.765813 , 2.17 , 0
-0.765813 , 2.35 , 0
-0.765813 , 2.53 , 0
-0.765813 , 2.71 , 0
-0.765813 , 2.89 , 0
-0.765813 , 3.07 , 0
-0.765813 , 3.25 , 0
-0.765813 , 3.43 , 0
-0.765813 , 3.61 , 0
-0.765813 , 3.79 , 0
-0.765813 , 3.97 , 0
-0.765813 , 4.15 , 0
-0.765813 , 4.33 , 0
-0.765813 , 4.51 , 0
-0.765813 , 4.69 , 0
-0.765813 , 4.87 , 0
-0.765813 , 5.05 , 0
-0.765813 , 5.23 , 0
-0.765813 , 5.41 , 0
-0.765813 , 5.59 , 0
-0.765813 , 5.77 , 0
-0.765813 , 5.95 , 0
-0.765813 , 6.13 , 0
-0.765813 , 6.31 , 0
-0.765813 , 6.49 , 0
-0.765813 , 6.67 , 0
-0.765813 , 6.85 , 0
-0.765813 , 7.03 , 0
-0.765813 , 7.21 , 0
-0.765813 , 7.39 , 0
-0.765813 , 7.57 , 0
-0.765813 , 7.75 , 0
-0.765813 , 7.93 , 0
-0.765813 , 8.11 , 0
-0.765813 , 8.29 , 0
-0.765813 , 8.47 , 0
-0.765813 , 8.65 , 0
-0.765813 , 8.83 , 0
-0.765813 , 9.01 , 0
-0.765813 , 9.19 , 0
-0.765813 , 9.37 , 0
-0.765813 , 9.55 , 0
-0.765813 , 9.73 , 0
-0.765813 , 9.91 , 0
-0.758525 , 1.09 , 0
-0.758525 , 1.27 , 0
-0.758525 , 1.45 , 0
-0.758525 , 1.63 , 0
-0.758525 , 1.81 , 0
-0.758525 , 1.99 , 0
-0.758525 , 2.17 , 0
-0.758525 , 2.35 , 0
-0.758525 , 2.53 , 0
-0.758525 , 2.71 , 0
-0.758525 , 2.89 , 0
-0.758525 , 3.07 , 0
-0.758525 , 3.25 , 0
-0.758525 , 3.43 , 0
-0.758525 , 3.61 , 0
-0.758525 , 3.79 , 0
-0.758525 , 3.97 , 0
-0.758525 , 4.15 , 0
-0.758525 , 4.33 , 0
-0.758525 , 4.51 , 0
-0.758525 , 4.69 , 0
-0.758525 , 4.87 , 0
-0.758525 , 5.05 , 0
-0.758525 , 5.23 , 0
-0.758525 , 5.41 , 0
-0.758525 , 5.59 , 0
-0.758525 , 5.77 , 0
-0.758525 , 5.95 , 0
-0.758525 , 6.13 , 0
-0.758525 , 6.31 , 0
-0.758525 , 6.49 , 0
-0.758525 , 6.67 , 0
-0.758525 , 6.85 , 0
-0.758525 , 7.03 , 0
-0.758525 , 7.21 , 0
-0.758525 , 7.39 , 0
-0.758525 , 7.57 , 0
-0.758525 , 7.75 , 0
-0.758525 , 7.93 , 0
-0.758525 , 8.11 , 0
-0.758525 , 8.29 , 0
-0.758525 , 8.47 , 0
-0.758525 , 8.65 , 0
-0.758525 , 8.83 , 0
-0.758525 , 9.01 , 0
-0.758525 , 9.19 , 0
-0.758525 , 9.37 , 0
-0.758525 , 9.55 , 0
-0.758525 , 9.73 , 0
-0.758525 , 9.91 , 0
-0.751237 , 1.09 , 0
-0.751237 , 1.27 , 0
-0.751237 , 1.45 , 0
-0.751237 , 1.63 , 0
-0.751237 , 1.81 , 0
-0.751237 , 1.99 , 0
-0.751237 , 2.17 , 0
-0.751237 , 2.35 , 0
-0.751237 , 2.53 , 0
-0.751237 , 2.71 , 0
-0.751237 , 2.89 , 0
-0.751237 , 3.07 , 0
-0.751237 , 3.25 , 0
-0.751237 , 3.43 , 0
-0.751237 , 3.61 , 0
-0.751237 , 3.79 , 0
-0.751237 , 3.97 , 0
-0.751237 , 4.15 , 0
-0.751237 , 4.33 , 0
-0.751237 , 4.51 , 0
-0.751237 , 4.69 , 0
-0.751237 , 4.87 , 0
-0.751237 , 5.05 , 0
-0.751237 , 5.23 , 0
-0.751237 , 5.41 , 0
-0.751237 , 5.59 , 0
-0.751237 , 5.77 , 0
-0.751237 , 5.95 , 0
-0.751237 , 6.13 , 0
-0.751237 , 6.31 , 0
-0.751237 , 6.49 , 0
-0.751237 , 6.67 , 0
-0.751237 , 6.85 , 0
-0.751237 , 7.03 , 0
-0.751237 , 7.21 , 0
-0.751237 , 7.39 , 0
-0.751237 , 7.57 , 0
-0.751237 , 7.75 , 0
-0.751237 , 7.93 , 0
-0.751237 , 8.11 , 0
-0.751237 , 8.29 , 0
-0.751237 , 8.47 , 0
-0.751237 , 8.65 , 0
-0.751237 , 8.83 , 0
-0.751237 , 9.01 , 0
-0.751237 , 9.19 , 0
-0.751237 , 9.37 , 0
-0.751237 , 9.55 , 0
-0.751237 , 9.73 , 0
-0.751237 , 9.91 , 0
-0.743949 , 1.09 , 0
-0.743949 , 1.27 , 0
-0.743949 , 1.45 , 0
-0.743949 , 1.63 , 0
-0.743949 , 1.81 , 0
-0.743949 , 1.99 , 0
-0.743949 , 2.17 , 0
-0.743949 , 2.35 , 0
-0.743949 , 2.53 , 0
-0.743949 , 2.71 , 0
-0.743949 , 2.89 , 0
-0.743949 , 3.07 , 0
-0.743949 , 3.25 , 0
-0.743949 , 3.43 , 0
-0.743949 , 3.61 , 0
-0.743949 , 3.79 , 0
-0.743949 , 3.97 , 0
-0.743949 , 4.15 , 0
-0.743949 , 4.33 , 0
-0.743949 , 4.51 , 0
-0.743949 , 4.69 , 0
-0.743949 , 4.87 , 0
-0.743949 , 5.05 , 0
-0.743949 , 5.23 , 0
-0.743949 , 5.41 , 0
-0.743949 , 5.59 , 0
-0.743949 , 5.77 , 0
-0.743949 , 5.95 , 0
-0.743949 , 6.13 , 0
-0.743949 , 6.31 , 0
-0.743949 , 6.49 , 0
-0.743949 , 6.67 , 0
-0.743949 , 6.85 , 0
-0.743949 , 7.03 , 0
-0.743949 , 7.21 , 0
-0.743949 , 7.39 , 0
-0.743949 , 7.57 , 0
-0.743949 , 7.75 , 0
-0.743949 , 7.93 , 0
-0.743949 , 8.11 , 0
-0.743949 , 8.29 , 0
-0.743949 , 8.47 , 0
-0.743949 , 8.65 , 0
-0.743949 , 8.83 , 0
-0.743949 , 9.01 , 0
-0.743949 , 9.19 , 0
-0.743949 , 9.37 , 0
-0.743949 , 9.55 , 0
-0.743949 , 9.73 , 0
-0.743949 , 9.91 , 0
-0.736661 , 1.09 , 0
-0.736661 , 1.27 , 0
-0.736661 , 1.45 , 0
-0.736661 , 1.63 , 0
-0.736661 , 1.81 , 0
-0.736661 , 1.99 , 0
-0.736661 , 2.17 , 0
-0.736661 , 2.35 , 0
-0.736661 , 2.53 , 0
-0.736661 , 2.71 , 0
-0.736661 , 2.89 , 0
-0.736661 , 3.07 , 0
-0.736661 , 3.25 , 0
-0.736661 , 3.43 , 0
-0.736661 , 3.61 , 0
-0.736661 , 3.79 , 0
-0.736661 , 3.97 , 0
-0.736661 , 4.15 , 0
-0.736661 , 4.33 , 0
-0.736661 , 4.51 , 0
-0.736661 , 4.69 , 0
-0.736661 , 4.87 , 0
-0.736661 , 5.05 , 0
-0.736661 , 5.23 , 0
-0.736661 , 5.41 , 0
-0.736661 , 5.59 , 0
-0.736661 , 5.77 , 0
-0.736661 , 5.95 , 0
-0.736661 , 6.13 , 0
-0.736661 , 6.31 , 0
-0.736661 , 6.49 , 0
-0.736661 , 6.67 , 0
-0.736661 , 6.85 , 0
-0.736661 , 7.03 , 0
-0.736661 , 7.21 , 0
-0.736661 , 7.39 , 0
-0.736661 , 7.57 , 0
-0.736661 , 7.75 , 0
-0.736661 , 7.93 , 0
-0.736661 , 8.11 , 0
-0.736661 , 8.29 , 0
-0.736661 , 8.47 , 0
-0.736661 , 8.65 , 0
-0.736661 , 8.83 , 0
-0.736661 , 9.01 , 0
-0.736661 , 9.19 , 0
-0.736661 , 9.37 , 0
-0.736661 , 9.55 , 0
-0.736661 , 9.73 , 0
-0.736661 , 9.91 , 0
-0.729373 , 1.09 , 0
-0.729373 , 1.27 , 0
-0.729373 , 1.45 , 0
-0.729373 , 1.63 , 0
-0.729373 , 1.81 , 0
-0.729373 , 1.99 , 0
-0.729373 , 2.17 , 0
-0.729373 , 2.35 , 0
-0.729373 , 2.53 , 0
-0.729373 , 2.71 , 0
-0.729373 , 2.89 , 0
-0.729373 , 3.07 , 0
-0.729373 , 3.25 , 0
-0.729373 , 3.43 , 0
-0.729373 , 3.61 , 0
-0.729373 , 3.79 , 0
-0.729373 , 3.97 , 0
-0.729373 , 4.15 , 0
-0.729373 , 4.33 , 0
-0.729373 , 4.51 , 0
-0.729373 , 4.69 , 0
-0.729373 , 4.87 , 0
-0.729373 , 5.05 , 0
-0.729373 , 5.23 , 0
-0.729373 , 5.41 , 0
-0.729373 , 5.59 , 0
-0.729373 , 5.77 , 0
-0.729373 , 5.95 , 0
-0.729373 , 6.13 , 0
-0.729373 , 6.31 , 0
-0.729373 , 6.49 , 0
-0.729373 , 6.67 , 0
-0.729373 , 6.85 , 0
-0.729373 , 7.03 , 0
-0.729373 , 7.21 , 0
-0.729373 , 7.39 , 0
-0.729373 , 7.57 , 0
-0.729373 , 7.75 , 0
-0.729373 , 7.93 , 0
-0.729373 , 8.11 , 0
-0.729373 , 8.29 , 0
-0.729373 , 8.47 , 0
-0.729373 , 8.65 , 0
-0.729373 , 8.83 , 0
-0.729373 , 9.01 , 0
-0.729373 , 9.19 , 0
-0.729373 , 9.37 , 0
-0.729373 , 9.55 , 0
-0.729373 , 9.73 , 0
-0.729373 , 9.91 , 0
-0.722085 , 1.09 , 0
-0.722085 , 1.27 , 0
-0.722085 , 1.45 , 0
-0.722085 , 1.63 , 0
-0.722085 , 1.81 , 0
-0.722085 , 1.99 , 0
-0.722085 , 2.17 , 0
-0.722085 , 2.35 , 0
-0.722085 , 2.53 , 0
-0.722085 , 2.71 , 0
-0.722085 , 2.89 , 0
-0.722085 , 3.07 , 0
-0.722085 , 3.25 , 0
-0.722085 , 3.43 , 0
-0.722085 , 3.61 , 0
-0.722085 , 3.79 , 0
-0.722085 , 3.97 , 0
-0.722085 , 4.15 , 0
-0.722085 , 4.33 , 0
-0.722085 , 4.51 , 0
-0.722085 , 4.69 , 0
-0.722085 , 4.87 , 0
-0.722085 , 5.05 , 0
-0.722085 , 5.23 , 0
-0.722085 , 5.41 , 0
-0.722085 , 5.59 , 0
-0.722085 , 5.77 , 0
-0.722085 , 5.95 , 0
-0.722085 , 6.13 , 0
-0.722085 , 6.31 , 0
-0.722085 , 6.49 , 0
-0.722085 , 6.67 , 0
-0.722085 , 6.85 , 0
-0.722085 , 7.03 , 0
-0.722085 , 7.21 , 0
-0.722085 , 7.39 , 0
-0.722085 , 7.57 , 0
-0.722085 , 7.75 , 0
-0.722085 , 7.93 , 0
-0.722085 , 8.11 , 0
-0.722085 , 8.29 , 0
-0.722085 , 8.47 , 0
-0.722085 , 8.65 , 0
-0.722085 , 8.83 , 0
-0.722085 , 9.01 , 0
-0.722085 , 9.19 , 0
-0.722085 , 9.37 , 0
-0.722085 , 9.55 , 0
-0.722085 , 9.73 , 0
-0.722085 , 9.91 , 0
-0.714797 , 1.09 , 0
-0.714797 , 1.27 , 0
-0.714797 , 1.45 , 0
-0.714797 , 1.63 , 0
-0.714797 , 1.81 , 0
-0.714797 , 1.99 , 0
-0.714797 , 2.17 , 0
-0.714797 , 2.35 , 0
-0.714797 , 2.53 , 0
-0.714797 , 2.71 , 0
-0.714797 , 2.89 , 0
-0.714797 , 3.07 , 0
-0.714797 , 3.25 , 0
-0.714797 , 3.43 , 0
-0.714797 , 3.61 , 0
-0.714797 , 3.79 , 0
-0.714797 , 3.97 , 0
-0.714797 , 4.15 , 0
-0.714797 , 4.33 , 0
-0.714797 , 4.51 , 0
-0.714797 , 4.69 , 0
-0.714797 , 4.87 , 0
-0.714797 , 5.05 , 0
-0.714797 , 5.23 , 0
-0.714797 , 5.41 , 0
-0.714797 , 5.59 , 0
-0.714797 , 5.77 , 0
-0.714797 , 5.95 , 0
-0.714797 , 6.13 , 0
-0.714797 , 6.31 , 0
-0.714797 , 6.49 , 0
-0.714797 , 6.67 , 0
-0.714797 , 6.85 , 0
-0.714797 , 7.03 , 0
-0.714797 , 7.21 , 0
-0.714797 , 7.39 , 0
-0.714797 , 7.57 , 0
-0.714797 , 7.75 , 0
-0.714797 , 7.93 , 0
-0.714797 , 8.11 , 0
-0.714797 , 8.29 , 0
-0.714797 , 8.47 , 0
-0.714797 , 8.65 , 0
-0.714797 , 8.83 , 0
-0.714797 , 9.01 , 0
-0.714797 , 9.19 , 0
-0.714797 , 9.37 , 0
-0.714797 , 9.55 , 0
-0.714797 , 9.73 , 0
-0.714797 , 9.91 , 0
-0.707509 , 1.09 , 0
-0.707509 , 1.27 , 0
-0.707509 , 1.45 , 0
-0.707509 , 1.63 , 0
-0.707509 , 1.81 , 0
-0.707509 , 1.99 , 0
-0.707509 , 2.17 , 0
-0.707509 , 2.35 , 0
-0.707509 , 2.53 , 0
-0.707509 , 2.71 , 0
-0.707509 , 2.89 , 0
-0.707509 , 3.07 , 0
-0.707509 , 3.25 , 0
-0.707509 , 3.43 , 0
-0.707509 , 3.61 , 0
-0.707509 , 3.79 , 0
-0.707509 , 3.97 , 0
-0.707509 , 4.15 , 0
-0.707509 , 4.33 , 0
-0.707509 , 4.51 , 0
-0.707509 , 4.69 , 0
-0.707509 , 4.87 , 0
-0.707509 , 5.05 , 0
-0.707509 , 5.23 , 0
-0.707509 , 5.41 , 0
-0.707509 , 5.59 , 0
-0.707509 , 5.77 , 0
-0.707509 , 5.95 , 0
-0.707509 , 6.13 , 0
-0.707509 , 6.31 , 0
-0.707509 , 6.49 , 0
-0.707509 , 6.67 , 0
-0.707509 , 6.85 , 0
-0.707509 , 7.03 , 0
-0.707509 , 7.21 , 0
-0.707509 , 7.39 , 0
-0.707509 , 7.57 , 0
-0.707509 , 7.75 , 0
-0.707509 , 7.93 , 0
-0.707509 , 8.11 , 0
-0.707509 , 8.29 , 0
-0.707509 , 8.47 , 0
-0.707509 , 8.65 , 0
-0.707509 , 8.83 , 0
-0.707509 , 9.01 , 0
-0.707509 , 9.19 , 0
-0.707509 , 9.37 , 0
-0.707509 , 9.55 , 0
-0.707509 , 9.73 , 0
-0.707509 , 9.91 , 0
-0.700221 , 1.09 , 0
-0.700221 , 1.27 , 0
-0.700221 , 1.45 , 0
-0.700221 , 1.63 , 0
-0.700221 , 1.81 , 0
-0.700221 , 1.99 , 0
-0.700221 , 2.17 , 0
-0.700221 , 2.35 , 0
-0.700221 , 2.53 , 0
-0.700221 , 2.71 , 0
-0.700221 , 2.89 , 0
-0.700221 , 3.07 , 0
-0.700221 , 3.25 , 0
-0.700221 , 3.43 , 0
-0.700221 , 3.61 , 0
-0.700221 , 3.79 , 0
-0.700221 , 3.97 , 0
-0.700221 , 4.15 , 0
-0.700221 , 4.33 , 0
-0.700221 , 4.51 , 0
-0.700221 , 4.69 , 0
-0.700221 , 4.87 , 0
-0.700221 , 5.05 , 0
-0.700221 , 5.23 , 0
-0.700221 , 5.41 , 0
-0.700221 , 5.59 , 0
-0.700221 , 5.77 , 0
-0.700221 , 5.95 , 0
-0.700221 , 6.13 , 0
-0.700221 , 6.31 , 0
-0.700221 , 6.49 , 0
-0.700221 , 6.67 , 0
-0.700221 , 6.85 , 0
-0.700221 , 7.03 , 0
-0.700221 , 7.21 , 0
-0.700221 , 7.39 , 0
-0.700221 , 7.57 , 0
-0.700221 , 7.75 , 0
-0.700221 , 7.93 , 0
-0.700221 , 8.11 , 0
-0.700221 , 8.29 , 0
-0.700221 , 8.47 , 0
-0.700221 , 8.65 , 0
-0.700221 , 8.83 , 0
-0.700221 , 9.01 , 0
-0.700221 , 9.19 , 0
-0.700221 , 9.37 , 0
-0.700221 , 9.55 , 0
-0.700221 , 9.73 , 0
-0.700221 , 9.91 , 0
-0.692933 , 1.09 , 0
-0.692933 , 1.27 , 0
-0.692933 , 1.45 , 0
-0.692933 , 1.63 , 0
-0.692933 , 1.81 , 0
-0.692933 , 1.99 , 0
-0.692933 , 2.17 , 0
-0.692933 , 2.35 , 0
-0.692933 , 2.53 , 0
-0.692933 , 2.71 , 0
-0.692933 , 2.89 , 0
-0.692933 , 3.07 , 0
-0.692933 , 3.25 , 0
-0.692933 , 3.43 , 0
-0.692933 , 3.61 , 0
-0.692933 , 3.79 , 0
-0.692933 , 3.97 , 0
-0.692933 , 4.15 , 0
-0.692933 , 4.33 , 0
-0.692933 , 4.51 , 0
-0.692933 , 4.69 , 0
-0.692933 , 4.87 , 0
-0.692933 , 5.05 , 0
-0.692933 , 5.23 , 0
-0.692933 , 5.41 , 0
-0.692933 , 5.59 , 0
-0.692933 , 5.77 , 0
-0.692933 , 5.95 , 0
-0.692933 , 6.13 , 0
-0.692933 , 6.31 , 0
-0.692933 , 6.49 , 0
-0.692933 , 6.67 , 0
-0.692933 , 6.85 , 0
-0.692933 , 7.03 , 0
-0.692933 , 7.21 , 0
-0.692933 , 7.39 , 0
-0.692933 , 7.57 , 0
-0.692933 , 7.75 , 0
-0.692933 , 7.93 , 0
-0.692933 , 8.11 , 0
-0.692933 , 8.29 , 0
-0.692933 , 8.47 , 0
-0.692933 , 8.65 , 0
-0.692933 , 8.83 , 0
-0.692933 , 9.01 , 0
-0.692933 , 9.19 , 0
-0.692933 , 9.37 , 0
-0.692933 , 9.55 , 0
-0.692933 , 9.73 , 0
-0.692933 , 9.91 , 0
-0.685645 , 1.09 , 0
-0.685645 , 1.27 , 0
-0.685645 , 1.45 , 0
-0.685645 , 1.63 , 0
-0.685645 , 1.81 , 0
-0.685645 , 1.99 , 0
-0.685645 , 2.17 , 0
-0.685645 , 2.35 , 0
-0.685645 , 2.53 , 0
-0.685645 , 2.71 , 0
-0.685645 , 2.89 , 0
-0.685645 , 3.07 , 0
-0.685645 , 3.25 , 0
-0.685645 , 3.43 , 0
-0.685645 , 3.61 , 0
-0.685645 , 3.79 , 0
-0.685645 , 3.97 , 0
-0.685645 , 4.15 , 0
-0.685645 , 4.33 , 0
-0.685645 , 4.51 , 0
-0.685645 , 4.69 , 0
-0.685645 , 4.87 , 0
-0.685645 , 5.05 , 0
-0.685645 , 5.23 , 0
-0.685645 , 5.41 , 0
-0.685645 , 5.59 , 0
-0.685645 , 5.77 , 0
-0.685645 , 5.95 , 0
-0.685645 , 6.13 , 0
-0.685645 , 6.31 , 0
-0.685645 , 6.49 , 0
-0.685645 , 6.67 , 0
-0.685645 , 6.85 , 0
-0.685645 , 7.03 , 0
-0.685645 , 7.21 , 0
-0.685645 , 7.39 , 0
-0.685645 , 7.57 , 0
-0.685645 , 7.75 , 0
-0.685645 , 7.93 , 0
-0.685645 , 8.11 , 0
-0.685645 , 8.29 , 0
-0.685645 , 8.47 , 0
-0.685645 , 8.65 , 0
-0.685645 , 8.83 , 0
-0.685645 , 9.01 , 0
-0.685645 , 9.19 , 0
-0.685645 , 9.37 , 0
-0.685645 , 9.55 , 0
-0.685645 , 9.73 , 0
-0.685645 , 9.91 , 0
-0.678356 , 1.09 , 0
-0.678356 , 1.27 , 0
-0.678356 , 1.45 , 0
-0.678356 , 1.63 , 0
-0.678356 , 1.81 , 0
-0.678356 , 1.99 , 0
-0.678356 , 2.17 , 0
-0.678356 , 2.35 , 0
-0.678356 , 2.53 , 0
-0.678356 , 2.71 , 0
-0.678356 , 2.89 , 0
-0.678356 , 3.07 , 0
-0.678356 , 3.25 , 0
-0.678356 , 3.43 , 0
-0.678356 , 3.61 , 0
-0.678356 , 3.79 , 0
-0.678356 , 3.97 , 0
-0.678356 , 4.15 , 0
-0.678356 , 4.33 , 0
-0.678356 , 4.51 , 0
-0.678356 , 4.69 , 0
-0.678356 , 4.87 , 0
-0.678356 , 5.05 , 0
-0.678356 , 5.23 , 0
-0.678356 , 5.41 , 0
-0.678356 , 5.59 , 0
-0.678356 , 5.77 , 0
-0.678356 , 5.95 , 0
-0.678356 , 6.13 , 0
-0.678356 , 6.31 , 0
-0.678356 , 6.49 , 0
-0.678356 , 6.67 , 0
-0.678356 , 6.85 , 0
-0.678356 , 7.03 , 0
-0.678356 , 7.21 , 0
-0.678356 , 7.39 , 0
-0.678356 , 7.57 , 0
-0.678356 , 7.75 , 0
-0.678356 , 7.93 , 0
-0.678356 , 8.11 , 0
-0.678356 , 8.29 , 0
-0.678356 , 8.47 , 0
-0.678356 , 8.65 , 0
-0.678356 , 8.83 , 0
-0.678356 , 9.01 , 0
-0.678356 , 9.19 , 0
-0.678356 , 9.37 , 0
-0.678356 , 9.55 , 0
-0.678356 , 9.73 , 0
-0.678356 , 9.91 , 0
-0.671068 , 1.09 , 0
-0.671068 , 1.27 , 0
-0.671068 , 1.45 , 0
-0.671068 , 1.63 , 0
-0.671068 , 1.81 , 0
-0.671068 , 1.99 , 0
-0.671068 , 2.17 , 0
-0.671068 , 2.35 , 0
-0.671068 , 2.53 , 0
-0.671068 , 2.71 , 0
-0.671068 , 2.89 , 0
-0.671068 , 3.07 , 0
-0.671068 , 3.25 , 0
-0.671068 , 3.43 , 0
-0.671068 , 3.61 , 0
-0.671068 , 3.79 , 0
-0.671068 , 3.97 , 0
-0.671068 , 4.15 , 0
-0.671068 , 4.33 , 0
-0.671068 , 4.51 , 0
-0.671068 , 4.69 , 0
-0.671068 , 4.87 , 0
-0.671068 , 5.05 , 0
-0.671068 , 5.23 , 0
-0.671068 , 5.41 , 0
-0.671068 , 5.59 , 0
-0.671068 , 5.77 , 0
-0.671068 , 5.95 , 0
-0.671068 , 6.13 , 0
-0.671068 , 6.31 , 0
-0.671068 , 6.49 , 0
-0.671068 , 6.67 , 0
-0.671068 , 6.85 , 0
-0.671068 , 7.03 , 0
-0.671068 , 7.21 , 0
-0.671068 , 7.39 , 0
-0.671068 , 7.57 , 0
-0.671068 , 7.75 , 0
-0.671068 , 7.93 , 0
-0.671068 , 8.11 , 0
-0.671068 , 8.29 , 0
-0.671068 , 8.47 , 0
-0.671068 , 8.65 , 0
-0.671068 , 8.83 , 0
-0.671068 , 9.01 , 0
-0.671068 , 9.19 , 0
-0.671068 , 9.37 , 0
-0.671068 , 9.55 , 0
-0.671068 , 9.73 , 0
-0.671068 , 9.91 , 0
-0.66378 , 1.09 , 0
-0.66378 , 1.27 , 0
-0.66378 , 1.45 , 0
-0.66378 , 1.63 , 0
-0.66378 , 1.81 , 0
-0.66378 , 1.99 , 0
-0.66378 , 2.17 , 0
-0.66378 , 2.35 , 0
-0.66378 , 2.53 , 0
-0.66378 , 2.71 , 0
-0.66378 , 2.89 , 0
-0.66378 , 3.07 , 0
-0.66378 , 3.25 , 0
-0.66378 , 3.43 , 0
-0.66378 , 3.61 , 0
-0.66378 , 3.79 , 0
-0.66378 , 3.97 , 0
-0.66378 , 4.15 , 0
-0.66378 , 4.33 , 0
-0.66378 , 4.51 , 0
-0.66378 , 4.69 , 0
-0.66378 , 4.87 , 0
-0.66378 , 5.05 , 0
-0.66378 , 5.23 , 0
-0.66378 , 5.41 , 0
-0.66378 , 5.59 , 0
-0.66378 , 5.77 , 0
-0.66378 , 5.95 , 0
-0.66378 , 6.13 , 0
-0.66378 , 6.31 , 0
-0.66378 , 6.49 , 0
-0.66378 , 6.67 , 0
-0.66378 , 6.85 , 0
-0.66378 , 7.03 , 0
-0.66378 , 7.21 , 0
-0.66378 , 7.39 , 0
-0.66378 , 7.57 , 0
-0.66378 , 7.75 , 0
-0.66378 , 7.93 , 0
-0.66378 , 8.11 , 0
-0.66378 , 8.29 , 0
-0.66378 , 8.47 , 0
-0.66378 , 8.65 , 0
-0.66378 , 8.83 , 0
-0.66378 , 9.01 , 0
-0.66378 , 9.19 , 0
-0.66378 , 9.37 , 0
-0.66378 , 9.55 , 0
-0.66378 , 9.73 , 0
-0.66378 , 9.91 , 0
-0.656492 , 1.09 , 0
-0.656492 , 1.27 , 0
-0.656492 , 1.45 , 0
-0.656492 , 1.63 , 0
-0.656492 , 1.81 , 0
-0.656492 , 1.99 , 0
-0.656492 , 2.17 , 0
-0.656492 , 2.35 , 0
-0.656492 , 2.53 , 0
-0.656492 , 2.71 , 0
-0.656492 , 2.89 , 0
-0.656492 , 3.07 , 0
-0.656492 , 3.25 , 0
-0.656492 , 3.43 , 0
-0.656492 , 3.61 , 0
-0.656492 , 3.79 , 0
-0.656492 , 3.97 , 0
-0.656492 , 4.15 , 0
-0.656492 , 4.33 , 0
-0.656492 , 4.51 , 0
-0.656492 , 4.69 , 0
-0.656492 , 4.87 , 0
-0.656492 , 5.05 , 0
-0.656492 , 5.23 , 0
-0.656492 , 5.41 , 0
-0.656492 , 5.59 , 0
-0.656492 , 5.77 , 0
-0.656492 , 5.95 , 0
-0.656492 , 6.13 , 0
-0.656492 , 6.31 , 0
-0.656492 , 6.49 , 0
-0.656492 , 6.67 , 0
-0.656492 , 6.85 , 0
-0.656492 , 7.03 , 0
-0.656492 , 7.21 , 0
-0.656492 , 7.39 , 0
-0.656492 , 7.57 , 0
-0.656492 , 7.75 , 0
-0.656492 , 7.93 , 0
-0.656492 , 8.11 , 0
-0.656492 , 8.29 , 0
-0.656492 , 8.47 , 0
-0.656492 , 8.65 , 0
-0.656492 , 8.83 , 0
-0.656492 , 9.01 , 0
-0.656492 , 9.19 , 0
-0.656492 , 9.37 , 0
-0.656492 , 9.55 , 0
-0.656492 , 9.73 , 0
-0.656492 , 9.91 , 0
-0.649204 , 1.09 , 0
-0.649204 , 1.27 , 0
-0.649204 , 1.45 , 0
-0.649204 , 1.63 , 0
-0.649204 , 1.81 , 0
-0.649204 , 1.99 , 0
-0.649204 , 2.17 , 0
-0.649204 , 2.35 , 0
-0.649204 , 2.53 , 0
-0.649204 , 2.71 , 0
-0.649204 , 2.89 , 0
-0.649204 , 3.07 , 0
-0.649204 , 3.25 , 0
-0.649204 , 3.43 , 0
-0.649204 , 3.61 , 0
-0.649204 , 3.79 , 0
-0.649204 , 3.97 , 0
-0.649204 , 4.15 , 0
-0.649204 , 4.33 , 0
-0.649204 , 4.51 , 0
-0.649204 , 4.69 , 0
-0.649204 , 4.87 , 0
-0.649204 , 5.05 , 0
-0.649204 , 5.23 , 0
-0.649204 , 5.41 , 0
-0.649204 , 5.59 , 0
-0.649204 , 5.77 , 0
-0.649204 , 5.95 , 0
-0.649204 , 6.13 , 0
-0.649204 , 6.31 , 0
-0.649204 , 6.49 , 0
-0.649204 , 6.67 , 0
-0.649204 , 6.85 , 0
-0.649204 , 7.03 , 0
-0.649204 , 7.21 , 0
-0.649204 , 7.39 , 0
-0.649204 , 7.57 , 0
-0.649204 , 7.75 , 0
-0.649204 , 7.93 , 0
-0.649204 , 8.11 , 0
-0.649204 , 8.29 , 0
-0.649204 , 8.47 , 0
-0.649204 , 8.65 , 0
-0.649204 , 8.83 , 0
-0.649204 , 9.01 , 0
-0.649204 , 9.19 , 0
-0.649204 , 9.37 , 0
-0.649204 , 9.55 , 0
-0.649204 , 9.73 , 0
-0.649204 , 9.91 , 0
-0.641916 , 1.09 , 0
-0.641916 , 1.27 , 0
-0.641916 , 1.45 , 0
-0.641916 , 1.63 , 0
-0.641916 , 1.81 , 0
-0.641916 , 1.99 , 0
-0.641916 , 2.17 , 0
-0.641916 , 2.35 , 0
-0.641916 , 2.53 , 0
-0.641916 , 2.71 , 0
-0.641916 , 2.89 , 0
-0.641916 , 3.07 , 0
-0.641916 , 3.25 , 0
-0.641916 , 3.43 , 0
-0.641916 , 3.61 , 0
-0.641916 , 3.79 , 0
-0.641916 , 3.97 , 0
-0.641916 , 4.15 , 0
-0.641916 , 4.33 , 0
-0.641916 , 4.51 , 0
-0.641916 , 4.69 , 0
-0.641916 , 4.87 , 0
-0.641916 , 5.05 , 0
-0.641916 , 5.23 , 0
-0.641916 , 5.41 , 0
-0.641916 , 5.59 , 0
-0.641916 , 5.77 , 0
-0.641916 , 5.95 , 0
-0.641916 , 6.13 , 0
-0.641916 , 6.31 , 0
-0.641916 , 6.49 , 0
-0.641916 , 6.67 , 0
-0.641916 , 6.85 , 0
-0.641916 , 7.03 , 0
-0.641916 , 7.21 , 0
-0.641916 , 7.39 , 0
-0.641916 , 7.57 , 0
-0.641916 , 7.75 , 0
-0.641916 , 7.93 , 0
-0.641916 , 8.11 , 0
-0.641916 , 8.29 , 0
-0.641916 , 8.47 , 0
-0.641916 , 8.65 , 0
-0.641916 , 8.83 , 0
-0.641916 , 9.01 , 0
-0.641916 , 9.19 , 0
-0.641916 , 9.37 , 0
-0.641916 , 9.55 , 0
-0.641916 , 9.73 , 0
-0.641916 , 9.91 , 0
-0.634628 , 1.09 , 0
-0.634628 , 1.27 , 0
-0.634628 , 1.45 , 0
-0.634628 , 1.63 , 0
-0.634628 , 1.81 , 0
-0.634628 , 1.99 , 0
-0.634628 , 2.17 , 0
-0.634628 , 2.35 , 0
-0.634628 , 2.53 , 0
-0.634628 , 2.71 , 0
-0.634628 , 2.89 , 0
-0.634628 , 3.07 , 0
-0.634628 , 3.25 , 0
-0.634628 , 3.43 , 0
-0.634628 , 3.61 , 0
-0.634628 , 3.79 , 0
-0.634628 , 3.97 , 0
-0.634628 , 4.15 , 0
-0.634628 , 4.33 , 0
-0.634628 , 4.51 , 0
-0.634628 , 4.69 , 0
-0.634628 , 4.87 , 0
-0.634628 , 5.05 , 0
-0.634628 , 5.23 , 0
-0.634628 , 5.41 , 0
-0.634628 , 5.59 , 0
-0.634628 , 5.77 , 0
-0.634628 , 5.95 , 0
-0.634628 , 6.13 , 0
-0.634628 , 6.31 , 0
-0.634628 , 6.49 , 0
-0.634628 , 6.67 , 0
-0.634628 , 6.85 , 0
-0.634628 , 7.03 , 0
-0.634628 , 7.21 , 0
-0.634628 , 7.39 , 0
-0.634628 , 7.57 , 0
-0.634628 , 7.75 , 0
-0.634628 , 7.93 , 0
-0.634628 , 8.11 , 0
-0.634628 , 8.29 , 0
-0.634628 , 8.47 , 0
-0.634628 , 8.65 , 0
-0.634628 , 8.83 , 0
-0.634628 , 9.01 , 0
-0.634628 , 9.19 , 0
-0.634628 , 9.37 , 0
-0.634628 , 9.55 , 0
-0.634628 , 9.73 , 0
-0.634628 , 9.91 , 0
-0.62734 , 1.09 , 0
-0.62734 , 1.27 , 0
-0.62734 , 1.45 , 0
-0.62734 , 1.63 , 0
-0.62734 , 1.81 , 0
-0.62734 , 1.99 , 0
-0.62734 , 2.17 , 0
-0.62734 , 2.35 , 0
-0.62734 , 2.53 , 0
-0.62734 , 2.71 , 0
-0.62734 , 2.89 , 0
-0.62734 , 3.07 , 0
-0.62734 , 3.25 , 0
-0.62734 , 3.43 , 0
-0.62734 , 3.61 , 0
-0.62734 , 3.79 , 0
-0.62734 , 3.97 , 0
-0.62734 , 4.15 , 0
-0.62734 , 4.33 , 0
-0.62734 , 4.51 , 0
-0.62734 , 4.69 , 0
-0.62734 , 4.87 , 0
-0.62734 , 5.05 , 0
-0.62734 , 5.23 , 0
-0.62734 , 5.41 , 0
-0.62734 , 5.59 , 0
-0.62734 , 5.77 , 0
-0.62734 , 5.95 , 0
-0.62734 , 6.13 , 0
-0.62734 , 6.31 , 0
-0.62734 , 6.49 , 0
-0.62734 , 6.67 , 0
-0.62734 , 6.85 , 0
-0.62734 , 7.03 , 0
-0.62734 , 7.21 , 0
-0.62734 , 7.39 , 0
-0.62734 , 7.57 , 0
-0.62734 , 7.75 , 0
-0.62734 , 7.93 , 0
-0.62734 , 8.11 , 0
-0.62734 , 8.29 , 0
-0.62734 , 8.47 , 0
-0.62734 , 8.65 , 0
-0.62734 , 8.83 , 0
-0.62734 , 9.01 , 0
-0.62734 , 9.19 , 0
-0.62734 , 9.37 , 0
-0.62734 , 9.55 , 0
-0.62734 , 9.73 , 0
-0.62734 , 9.91 , 0
