1 , 0 , 3
2 , 0 , 3
3 , 0 , 3
4 , 0 , 3
5 , 0 , 3
6 , 0 , 3
7 , 0 , 3
8 , 0 , 3
9 , 0 , 3
10 , 1.27606 , 3
11 , 0.24058 , 3
12 , 0.136777 , 3
13 , 0.0947366 , 3
14 , 0.0722804 , 3
15 , 0.0585438 , 3
16 , 0.0488013 , 3
17 , 0.0420771 , 3
18 , 0.0367688 , 3
19 , 0.0326898 , 3
20 , 0.0292648 , 3
21 , 0.0265457 , 3
22 , 0.0241664 , 3
23 , 0.0222488 , 3
24 , 0.0205226 , 3
25 , 0.0189541 , 3
26 , 0.017683 , 3
27 , 0.60566 , 3
28 , 0.189631 , 3
29 , 0.10408 , 3
30 , 0.074115 , 3
31 , 0.057899 , 3
32 , 0.0483285 , 3
33 , 0.0379581 , 3
34 , 0.0365663 , 3
35 , 0.0327751 , 3
36 , 0.0300477 , 3
37 , 0.0274931 , 3
38 , 0.0255849 , 3
39 , 0.023914 , 3
40 , 0.0224233 , 3
41 , 0.021072 , 3
42 , 0.0198333 , 3
43 , 0.102524 , 3
44 , 0.350454 , 3
45 , 0.117902 , 3
46 , 0.0764463 , 3
47 , 0.0574515 , 3
48 , 0.0465729 , 3
49 , 0.0399013 , 3
50 , 0.034719 , 3
51 , 0.0307913 , 3
52 , 0.0280267 , 3
53 , 0.0254426 , 3
54 , 0.0235687 , 3
55 , 0.0219586 , 3
56 , 0.0202881 , 3
57 , 0.0190604 , 3
58 , 0.0177254 , 3
59 , 0.307833 , 3
60 , 0.278558 , 3
61 , 0.125188 , 3
62 , 0.0829895 , 3
63 , 0.0635843 , 3
64 , 0.0520063 , 3
65 , 0.0442379 , 3
66 , 0.0386227 , 3
67 , 0.034347 , 3
68 , 0.0305304 , 3
69 , 0.0278273 , 3
70 , 0.0255732 , 3
71 , 0.0236589 , 3
72 , 0.0220084 , 3
73 , 0.0205682 , 3
74 , 0.0192979 , 3
75 , 0.708895 , 3
76 , 0.176423 , 3
77 , 0.103528 , 3
78 , 0.0762731 , 3
79 , 0.0605725 , 3
80 , 0.0506093 , 3
81 , 0.043659 , 3
82 , 0.0384949 , 3
83 , 0.0344836 , 3
84 , 0.0312609 , 3
85 , 0.0290678 , 3
86 , 0.0267868 , 3
87 , 0.0248372 , 3
88 , 0.0231462 , 3
89 , 0.0216626 , 3
90 , 0.455526 , 3
91 , 0.323588 , 3
92 , 0.152155 , 3
93 , 0.104549 , 3
94 , 0.0799707 , 3
95 , 0.0652386 , 3
96 , 0.0553225 , 3
97 , 0.0489669 , 3
98 , 0.0433611 , 3
99 , 0.0389264 , 3
100 , 0.0359406 , 3
101 , 0.0328627 , 3
102 , 0.0307956 , 3
103 , 0.0284969 , 3
104 , 0.0264936 , 3
105 , 0.0701805 , 3
106 , 0.59714 , 3
107 , 0.16917 , 3
108 , 0.106688 , 3
109 , 0.0797861 , 3
110 , 0.0656694 , 3
111 , 0.0554062 , 3
112 , 0.0489941 , 3
113 , 0.0433299 , 3
114 , 0.0396121 , 3
115 , 0.0358984 , 3
116 , 0.0334442 , 3
117 , 0.0307579 , 3
118 , 0.0290021 , 3
119 , 0.0269333 , 3
120 , 0.0256071 , 3
121 , 0.550323 , 3
122 , 0.180479 , 3
123 , 0.101642 , 3
124 , 0.0746842 , 3
125 , 0.059327 , 3
126 , 0.0506911 , 3
127 , 0.0438168 , 3
128 , 0.0394989 , 3
129 , 0.0354076 , 3
130 , 0.0327713 , 3
131 , 0.0299584 , 3
132 , 0.0281558 , 3
133 , 0.0265993 , 3
134 , 0.0247134 , 3
135 , 0.0235416 , 3
136 , 0.245297 , 3
137 , 0.225485 , 3
138 , 0.102221 , 3
139 , 0.0709764 , 3
140 , 0.0560558 , 3
141 , 0.0462208 , 3
142 , 0.0404711 , 3
143 , 0.0355314 , 3
144 , 0.0324449 , 3
145 , 0.0299868 , 3
146 , 0.0273605 , 3
147 , 0.0257177 , 3
148 , 0.0243081 , 3
149 , 0.0225695 , 3
150 , 0.0215193 , 3
151 , 0.0205807 , 3
152 , 0.495575 , 3
153 , 0.103217 , 3
154 , 0.0659763 , 3
155 , 0.0495387 , 3
156 , 0.0412851 , 3
157 , 0.0351524 , 3
158 , 0.0315119 , 3
159 , 0.0287727 , 3
160 , 0.0266186 , 3
161 , 0.0242932 , 3
162 , 0.022876 , 3
163 , 0.0216624 , 3
164 , 0.0201229 , 3
165 , 0.0192197 , 3
166 , 0.0184106 , 3
167 , 0.236592 , 3
168 , 0.108907 , 3
169 , 0.0605478 , 3
170 , 0.0437894 , 3
171 , 0.0361034 , 3
172 , 0.031408 , 3
173 , 0.0282087 , 3
174 , 0.025239 , 3
175 , 0.0234821 , 3
176 , 0.0220587 , 3
177 , 0.0203553 , 3
178 , 0.0193669 , 3
179 , 0.0184973 , 3
180 , 0.017719 , 3
181 , 0.0165892 , 3
182 , 0.0738133 , 3
183 , 0.175802 , 3
184 , 0.0654102 , 3
185 , 0.0432744 , 3
186 , 0.0344108 , 3
187 , 0.0294118 , 3
188 , 0.0255108 , 3
189 , 0.0232843 , 3
190 , 0.0215865 , 3
191 , 0.0202269 , 3
192 , 0.0186038 , 3
193 , 0.0176723 , 3
194 , 0.016856 , 3
195 , 0.0161282 , 3
196 , 0.0154711 , 3
197 , 0.0144807 , 3
198 , 0.261536 , 3
199 , 0.082157 , 3
200 , 0.0488589 , 3
201 , 0.0357731 , 3
202 , 0.0295735 , 3
203 , 0.0256694 , 3
204 , 0.0229495 , 3
205 , 0.0203648 , 3
206 , 0.0188391 , 3
207 , 0.0175995 , 3
208 , 0.0165651 , 3
209 , 0.0156834 , 3
210 , 0.0145129 , 3
211 , 0.0138687 , 3
212 , 0.0132961 , 3
213 , 0.111172 , 3
214 , 0.119272 , 3
215 , 0.0536704 , 3
216 , 0.0378527 , 3
217 , 0.0303214 , 3
218 , 0.0258467 , 3
219 , 0.0228456 , 3
220 , 0.0200981 , 3
221 , 0.0185032 , 3
222 , 0.0172332 , 3
223 , 0.0161933 , 3
224 , 0.015322 , 3
225 , 0.0141645 , 3
226 , 0.0135479 , 3
227 , 0.0130071 , 3
228 , 0.0125278 , 3
229 , 0.291878 , 3
230 , 0.0659246 , 3
231 , 0.0422262 , 3
232 , 0.0325769 , 3
233 , 0.027238 , 3
234 , 0.0238057 , 3
235 , 0.0207698 , 3
236 , 0.0190349 , 3
237 , 0.0176751 , 3
238 , 0.0165748 , 3
239 , 0.0156622 , 3
240 , 0.0148898 , 3
241 , 0.0138023 , 3
242 , 0.0132481 , 3
243 , 0.0127587 , 3
244 , 0.147482 , 3
245 , 0.0865497 , 3
246 , 0.0465575 , 3
247 , 0.0332362 , 3
248 , 0.0272893 , 3
249 , 0.0236359 , 3
250 , 0.0211309 , 3
251 , 0.0192861 , 3
252 , 0.0178589 , 3
253 , 0.0162023 , 3
254 , 0.015297 , 3
255 , 0.0145313 , 3
256 , 0.0138723 , 3
257 , 0.0132971 , 3
258 , 0.0127888 , 3
259 , 0.0399277 , 3
260 , 0.0741381 , 3
261 , 0.176538 , 3
262 , 0.0854429 , 3
263 , 0.0637949 , 3
264 , 0.05306 , 3
265 , 0.181602 , 3
266 , 0.115359 , 3
267 , 0.0718125 , 3
268 , 0.0570065 , 3
269 , 0.0492843 , 3
270 , 0.272467 , 3
271 , 0.0802494 , 3
272 , 0.0594563 , 3
273 , 0.0498294 , 3
274 , 0.182115 , 3
275 , 0.0929645 , 3
276 , 0.0629027 , 3
277 , 0.0513965 , 3
278 , 0.142364 , 3
279 , 0.111144 , 3
280 , 0.068813 , 3
281 , 0.0543244 , 3
282 , 0.13096 , 3
283 , 0.116186 , 3
284 , 0.0674656 , 3
285 , 0.0527037 , 3
286 , 0.141961 , 3
287 , 0.103782 , 3
288 , 0.0630436 , 3
289 , 0.0500009 , 3
290 , 0.166897 , 3
291 , 0.085267 , 3
292 , 0.0571998 , 3
293 , 0.046598 , 3
294 , 0.207893 , 3
295 , 0.0686521 , 3
296 , 0.0505667 , 3
297 , 0.0963627 , 3
298 , 0.107423 , 3
299 , 0.0587417 , 3
300 , 0.0460173 , 3
301 , 0.180605 , 3
302 , 0.072032 , 3
303 , 0.0504547 , 3
304 , 0.0967049 , 3
305 , 0.0935578 , 3
306 , 0.0547396 , 3
307 , 0.0435559 , 3
308 , 0.187458 , 3
309 , 0.0586793 , 3
310 , 0.0446165 , 3
311 , 0.145349 , 3
312 , 0.0626152 , 3
313 , 0.0454037 , 3
314 , 0.126242 , 3
315 , 0.0712671 , 3
316 , 0.0501645 , 3
317 , 0.1117 , 3
318 , 0.092231 , 3
319 , 0.0524972 , 3
320 , 0.0953701 , 3
321 , 0.0988389 , 3
322 , 0.0542672 , 3
323 , 0.0858637 , 3
324 , 0.0955643 , 3
325 , 0.0556056 , 3
326 , 0.0883889 , 3
327 , 0.0851548 , 3
328 , 0.0506042 , 3
329 , 0.0965187 , 3
330 , 0.0718486 , 3
331 , 0.0439048 , 3
332 , 0.102203 , 3
333 , 0.0563654 , 3
334 , 0.0385478 , 3
335 , 0.110836 , 3
336 , 0.0479436 , 3
337 , 0.0400175 , 3
338 , 0.0999228 , 3
339 , 0.0452988 , 3
340 , 0.0791377 , 3
341 , 0.0688959 , 3
342 , 0.0495877 , 3
343 , 0.132234 , 3
344 , 0.0581556 , 3
345 , 0.0556735 , 3
346 , 0.091598 , 3
347 , 0.0438836 , 3
348 , 0.099725 , 3
349 , 0.0560157 , 3
350 , 0.046132 , 3
351 , 0.100971 , 3
352 , 0.0461821 , 3
353 , 0.112126 , 3
354 , 0.0586711 , 3
355 , 0.0726868 , 3
356 , 0.0953867 , 3
357 , 0.049738 , 3
358 , 0.192964 , 3
359 , 0.0629326 , 3
360 , 0.112561 , 3
361 , 0.0681471 , 3
362 , 0.0701977 , 3
363 , 0.0831356 , 3
364 , 0.0444341 , 3
365 , 0.158391 , 3
366 , 0.0482624 , 3
367 , 0.129602 , 3
368 , 0.0560274 , 3
369 , 0.106146 , 3
370 , 0.0584592 , 3
371 , 0.085334 , 3
372 , 0.0586724 , 3
373 , 0.0785882 , 3
374 , 0.0624895 , 3
375 , 0.0811352 , 3
376 , 0.0707195 , 3
377 , 0.0820503 , 3
378 , 0.0705756 , 3
379 , 0.0110317 , 3
380 , 0.349889 , 3
381 , 0.113749 , 3
382 , 0.0105551 , 3
383 , 0.00773353 , 3
384 , 0.0168507 , 3
385 , 0.0204237 , 3
386 , 0.0107876 , 3
387 , 0.0081648 , 3
388 , 0.0203976 , 3
389 , 0.00985833 , 3
390 , 0.00725186 , 3
391 , 0.00978893 , 3
392 , 0.0109034 , 3
393 , 0.00662663 , 3
394 , 0.00541519 , 3
395 , 0.0187596 , 3
396 , 0.00685983 , 3
397 , 0.00522103 , 3
398 , 0.0135058 , 3
399 , 0.00700891 , 3
400 , 0.00498636 , 3
401 , 0.00951658 , 3
402 , 0.00668576 , 3
403 , 0.00456729 , 3
404 , 0.00903166 , 3
405 , 0.00730054 , 3
406 , 0.00458447 , 3
407 , 0.000394877 , 3
408 , 0.0334465 , 3
409 , 0.0276022 , 3
410 , 0.0351685 , 3
411 , 0.0387699 , 3
412 , 0.0806573 , 3
413 , 0.0473874 , 3
414 , 0.0357843 , 3
415 , 0.0320035 , 3
416 , 0.0377703 , 3
417 , 0.0472898 , 3
418 , 0.0296185 , 3
419 , 0.888802 , 3
420 , 0.600358 , 3
421 , 0.0130276 , 3
422 , 0.00726507 , 3
423 , 0.00940694 , 3
424 , 4.95926e-05 , 3
425 , 8.83547e-11 , 3
1 , 0 , 5
2 , 0 , 5
3 , 0 , 5
4 , 0 , 5
5 , 0 , 5
6 , 0 , 5
7 , 0 , 5
8 , 0 , 5
9 , 0 , 5
10 , 3.56425 , 5
11 , 0.669952 , 5
12 , 0.380663 , 5
13 , 0.263578 , 5
14 , 0.201058 , 5
15 , 0.162823 , 5
16 , 0.135709 , 5
17 , 0.116998 , 5
18 , 0.102229 , 5
19 , 0.0908817 , 5
20 , 0.0813544 , 5
21 , 0.0737916 , 5
22 , 0.0671745 , 5
23 , 0.0618421 , 5
24 , 0.0570421 , 5
25 , 0.0526811 , 5
26 , 0.0491473 , 5
27 , 1.69282 , 5
28 , 0.528474 , 5
29 , 0.289762 , 5
30 , 0.206239 , 5
31 , 0.161065 , 5
32 , 0.134412 , 5
33 , 0.105547 , 5
34 , 0.101668 , 5
35 , 0.0911178 , 5
36 , 0.0835288 , 5
37 , 0.0764228 , 5
38 , 0.0711153 , 5
39 , 0.0664688 , 5
40 , 0.0623236 , 5
41 , 0.0585667 , 5
42 , 0.0551228 , 5
43 , 0.284704 , 5
44 , 0.972767 , 5
45 , 0.327373 , 5
46 , 0.21229 , 5
47 , 0.159554 , 5
48 , 0.12935 , 5
49 , 0.110825 , 5
50 , 0.0964352 , 5
51 , 0.0855285 , 5
52 , 0.0778515 , 5
53 , 0.0706751 , 5
54 , 0.0654709 , 5
55 , 0.0609992 , 5
56 , 0.0563592 , 5
57 , 0.0529493 , 5
58 , 0.0492408 , 5
59 , 0.85404 , 5
60 , 0.772959 , 5
61 , 0.347532 , 5
62 , 0.230422 , 5
63 , 0.176558 , 5
64 , 0.144417 , 5
65 , 0.122849 , 5
66 , 0.107259 , 5
67 , 0.0953864 , 5
68 , 0.0847887 , 5
69 , 0.0772825 , 5
70 , 0.0710229 , 5
71 , 0.065707 , 5
72 , 0.0611234 , 5
73 , 0.0571238 , 5
74 , 0.053596 , 5
75 , 1.96991 , 5
76 , 0.49013 , 5
77 , 0.287604 , 5
78 , 0.211883 , 5
79 , 0.168264 , 5
80 , 0.140585 , 5
81 , 0.121276 , 5
82 , 0.10693 , 5
83 , 0.0957868 , 5
84 , 0.0868341 , 5
85 , 0.0807415 , 5
86 , 0.0744052 , 5
87 , 0.0689893 , 5
88 , 0.064292 , 5
89 , 0.0601711 , 5
90 , 1.26184 , 5
91 , 0.896932 , 5
92 , 0.42212 , 5
93 , 0.290139 , 5
94 , 0.221971 , 5
95 , 0.181101 , 5
96 , 0.153586 , 5
97 , 0.135949 , 5
98 , 0.120391 , 5
99 , 0.108082 , 5
100 , 0.099794 , 5
101 , 0.0912499 , 5
102 , 0.0855119 , 5
103 , 0.0791305 , 5
104 , 0.073569 , 5
105 , 0.194968 , 5
106 , 1.66084 , 5
107 , 0.470227 , 5
108 , 0.296497 , 5
109 , 0.221708 , 5
110 , 0.182466 , 5
111 , 0.15394 , 5
112 , 0.136118 , 5
113 , 0.120376 , 5
114 , 0.110044 , 5
115 , 0.0997247 , 5
116 , 0.0929047 , 5
117 , 0.0854409 , 5
118 , 0.0805622 , 5
119 , 0.0748145 , 5
120 , 0.0711299 , 5
121 , 1.52861 , 5
122 , 0.501421 , 5
123 , 0.2824 , 5
124 , 0.207499 , 5
125 , 0.164829 , 5
126 , 0.140833 , 5
127 , 0.121731 , 5
128 , 0.109733 , 5
129 , 0.0983648 , 5
130 , 0.0910391 , 5
131 , 0.0832234 , 5
132 , 0.0782148 , 5
133 , 0.0738899 , 5
134 , 0.0686503 , 5
135 , 0.0653946 , 5
136 , 0.681768 , 5
137 , 0.626771 , 5
138 , 0.284076 , 5
139 , 0.197228 , 5
140 , 0.155757 , 5
141 , 0.128423 , 5
142 , 0.112444 , 5
143 , 0.098716 , 5
144 , 0.0901386 , 5
145 , 0.0833075 , 5
146 , 0.0760095 , 5
147 , 0.0714445 , 5
148 , 0.0675276 , 5
149 , 0.0626969 , 5
150 , 0.059779 , 5
151 , 0.0571711 , 5
152 , 1.38011 , 5
153 , 0.286994 , 5
154 , 0.183391 , 5
155 , 0.137677 , 5
156 , 0.114727 , 5
157 , 0.0976774 , 5
158 , 0.0875566 , 5
159 , 0.0799421 , 5
160 , 0.0739544 , 5
161 , 0.0674917 , 5
162 , 0.0635529 , 5
163 , 0.0601804 , 5
164 , 0.0559023 , 5
165 , 0.0533928 , 5
166 , 0.0511446 , 5
167 , 0.658129 , 5
168 , 0.302784 , 5
169 , 0.168276 , 5
170 , 0.12168 , 5
171 , 0.100312 , 5
172 , 0.087259 , 5
173 , 0.0783661 , 5
174 , 0.0701133 , 5
175 , 0.0652307 , 5
176 , 0.0612754 , 5
177 , 0.056543 , 5
178 , 0.0537971 , 5
179 , 0.0513817 , 5
180 , 0.0492197 , 5
181 , 0.0460815 , 5
182 , 0.205044 , 5
183 , 0.488452 , 5
184 , 0.181708 , 5
185 , 0.120207 , 5
186 , 0.0955819 , 5
187 , 0.0816949 , 5
188 , 0.0708588 , 5
189 , 0.0646743 , 5
190 , 0.0599588 , 5
191 , 0.056183 , 5
192 , 0.0516752 , 5
193 , 0.0490883 , 5
194 , 0.0468215 , 5
195 , 0.0448003 , 5
196 , 0.0429755 , 5
197 , 0.0402248 , 5
198 , 0.726572 , 5
199 , 0.228207 , 5
200 , 0.135707 , 5
201 , 0.0993591 , 5
202 , 0.0821401 , 5
203 , 0.071297 , 5
204 , 0.063743 , 5
205 , 0.0565645 , 5
206 , 0.0523272 , 5
207 , 0.0488845 , 5
208 , 0.0460116 , 5
209 , 0.0435628 , 5
210 , 0.0403116 , 5
211 , 0.0385223 , 5
212 , 0.0369319 , 5
213 , 0.308845 , 5
214 , 0.331345 , 5
215 , 0.149082 , 5
216 , 0.105141 , 5
217 , 0.0842211 , 5
218 , 0.071792 , 5
219 , 0.063456 , 5
220 , 0.0558246 , 5
221 , 0.0513948 , 5
222 , 0.0478673 , 5
223 , 0.0449789 , 5
224 , 0.0425589 , 5
225 , 0.0393437 , 5
226 , 0.0376312 , 5
227 , 0.0361291 , 5
228 , 0.0347976 , 5
229 , 0.810815 , 5
230 , 0.183134 , 5
231 , 0.1173 , 5
232 , 0.0904944 , 5
233 , 0.0756632 , 5
234 , 0.0661285 , 5
235 , 0.0576951 , 5
236 , 0.0528754 , 5
237 , 0.0490981 , 5
238 , 0.0460416 , 5
239 , 0.0435064 , 5
240 , 0.0413606 , 5
241 , 0.0383397 , 5
242 , 0.0368002 , 5
243 , 0.0354406 , 5
244 , 0.4095 , 5
245 , 0.240392 , 5
246 , 0.129329 , 5
247 , 0.0923275 , 5
248 , 0.0758083 , 5
249 , 0.0656595 , 5
250 , 0.0587006 , 5
251 , 0.0535759 , 5
252 , 0.0496108 , 5
253 , 0.0450086 , 5
254 , 0.0424937 , 5
255 , 0.0403664 , 5
256 , 0.0385356 , 5
257 , 0.0369376 , 5
258 , 0.0355254 , 5
259 , 0.110925 , 5
260 , 0.206026 , 5
261 , 0.490772 , 5
262 , 0.237437 , 5
263 , 0.177253 , 5
264 , 0.147414 , 5
265 , 0.50542 , 5
266 , 0.320905 , 5
267 , 0.199639 , 5
268 , 0.15844 , 5
269 , 0.136959 , 5
270 , 0.758244 , 5
271 , 0.223069 , 5
272 , 0.165239 , 5
273 , 0.138471 , 5
274 , 0.505357 , 5
275 , 0.258243 , 5
276 , 0.174754 , 5
277 , 0.142787 , 5
278 , 0.394885 , 5
279 , 0.308655 , 5
280 , 0.191131 , 5
281 , 0.150896 , 5
282 , 0.363595 , 5
283 , 0.322804 , 5
284 , 0.187445 , 5
285 , 0.146426 , 5
286 , 0.394619 , 5
287 , 0.288555 , 5
288 , 0.175218 , 5
289 , 0.138945 , 5
290 , 0.464479 , 5
291 , 0.237127 , 5
292 , 0.158996 , 5
293 , 0.129502 , 5
294 , 0.577549 , 5
295 , 0.190741 , 5
296 , 0.140494 , 5
297 , 0.267544 , 5
298 , 0.298178 , 5
299 , 0.163138 , 5
300 , 0.127818 , 5
301 , 0.501599 , 5
302 , 0.200089 , 5
303 , 0.140157 , 5
304 , 0.268756 , 5
305 , 0.260039 , 5
306 , 0.152098 , 5
307 , 0.121012 , 5
308 , 0.521848 , 5
309 , 0.16309 , 5
310 , 0.123977 , 5
311 , 0.404613 , 5
312 , 0.174061 , 5
313 , 0.126163 , 5
314 , 0.350979 , 5
315 , 0.198006 , 5
316 , 0.139322 , 5
317 , 0.310156 , 5
318 , 0.256184 , 5
319 , 0.145811 , 5
320 , 0.264966 , 5
321 , 0.274638 , 5
322 , 0.150737 , 5
323 , 0.238558 , 5
324 , 0.265602 , 5
325 , 0.154484 , 5
326 , 0.245636 , 5
327 , 0.236721 , 5
328 , 0.140614 , 5
329 , 0.268319 , 5
330 , 0.199736 , 5
331 , 0.122005 , 5
332 , 0.284209 , 5
333 , 0.156656 , 5
334 , 0.107106 , 5
335 , 0.308001 , 5
336 , 0.133191 , 5
337 , 0.111166 , 5
338 , 0.277444 , 5
339 , 0.125828 , 5
340 , 0.219754 , 5
341 , 0.191365 , 5
342 , 0.137819 , 5
343 , 0.367441 , 5
344 , 0.161605 , 5
345 , 0.154692 , 5
346 , 0.254437 , 5
347 , 0.121904 , 5
348 , 0.276929 , 5
349 , 0.155577 , 5
350 , 0.128127 , 5
351 , 0.280416 , 5
352 , 0.128271 , 5
353 , 0.311405 , 5
354 , 0.162966 , 5
355 , 0.201935 , 5
356 , 0.265161 , 5
357 , 0.138195 , 5
358 , 0.537454 , 5
359 , 0.17494 , 5
360 , 0.313282 , 5
361 , 0.189483 , 5
362 , 0.195216 , 5
363 , 0.231276 , 5
364 , 0.123472 , 5
365 , 0.442153 , 5
366 , 0.134085 , 5
367 , 0.360144 , 5
368 , 0.155699 , 5
369 , 0.295236 , 5
370 , 0.162546 , 5
371 , 0.23744 , 5
372 , 0.163222 , 5
373 , 0.218648 , 5
374 , 0.173869 , 5
375 , 0.225764 , 5
376 , 0.196816 , 5
377 , 0.228543 , 5
378 , 0.19661 , 5
379 , 0.030668 , 5
380 , 0.981528 , 5
381 , 0.317045 , 5
382 , 0.0293577 , 5
383 , 0.0215009 , 5
384 , 0.0469563 , 5
385 , 0.0569804 , 5
386 , 0.0300197 , 5
387 , 0.0227036 , 5
388 , 0.0570541 , 5
389 , 0.0274599 , 5
390 , 0.0201752 , 5
391 , 0.0272171 , 5
392 , 0.0303248 , 5
393 , 0.0184242 , 5
394 , 0.0150541 , 5
395 , 0.0521925 , 5
396 , 0.0190722 , 5
397 , 0.0145129 , 5
398 , 0.037671 , 5
399 , 0.0195091 , 5
400 , 0.0138663 , 5
401 , 0.0264272 , 5
402 , 0.0185698 , 5
403 , 0.0126891 , 5
404 , 0.0250217 , 5
405 , 0.0202338 , 5
406 , 0.0127253 , 5
407 , 0.00109674 , 5
408 , 0.092663 , 5
409 , 0.0764972 , 5
410 , 0.0973667 , 5
411 , 0.107334 , 5
412 , 0.221619 , 5
413 , 0.130996 , 5
414 , 0.0991533 , 5
415 , 0.0886664 , 5
416 , 0.104525 , 5
417 , 0.13087 , 5
418 , 0.0820837 , 5
419 , 2.46315 , 5
420 , 1.68112 , 5
421 , 0.0362036 , 5
422 , 0.020168 , 5
423 , 0.0261287 , 5
424 , 0.00013775 , 5
425 , 2.57757e-10 , 5
1 , 0 , 10
2 , 0 , 10
3 , 0 , 10
4 , 0 , 10
5 , 0 , 10
6 , 0 , 10
7 , 0 , 10
8 , 0 , 10
9 , 0 , 10
10 , 14.4461 , 10
11 , 2.69631 , 10
12 , 1.52984 , 10
13 , 1.05848 , 10
14 , 0.807005 , 10
15 , 0.653291 , 10
16 , 0.544334 , 10
17 , 0.469165 , 10
18 , 0.409851 , 10
19 , 0.36429 , 10
20 , 0.326049 , 10
21 , 0.2957 , 10
22 , 0.269154 , 10
23 , 0.247765 , 10
24 , 0.228517 , 10
25 , 0.211032 , 10
26 , 0.196866 , 10
27 , 6.87592 , 10
28 , 2.13114 , 10
29 , 1.16555 , 10
30 , 0.828597 , 10
31 , 0.646601 , 10
32 , 0.539308 , 10
33 , 0.423264 , 10
34 , 0.407624 , 10
35 , 0.365229 , 10
36 , 0.334746 , 10
37 , 0.306221 , 10
38 , 0.284922 , 10
39 , 0.266284 , 10
40 , 0.249661 , 10
41 , 0.2346 , 10
42 , 0.220795 , 10
43 , 1.13802 , 10
44 , 3.88458 , 10
45 , 1.30823 , 10
46 , 0.848567 , 10
47 , 0.637892 , 10
48 , 0.517208 , 10
49 , 0.443188 , 10
50 , 0.385678 , 10
51 , 0.342086 , 10
52 , 0.311401 , 10
53 , 0.282712 , 10
54 , 0.261907 , 10
55 , 0.244028 , 10
56 , 0.225472 , 10
57 , 0.211834 , 10
58 , 0.197 , 10
59 , 3.405 , 10
60 , 3.08314 , 10
61 , 1.3879 , 10
62 , 0.920603 , 10
63 , 0.705559 , 10
64 , 0.577198 , 10
65 , 0.491047 , 10
66 , 0.428759 , 10
67 , 0.381321 , 10
68 , 0.33897 , 10
69 , 0.308971 , 10
70 , 0.283952 , 10
71 , 0.262704 , 10
72 , 0.244381 , 10
73 , 0.228393 , 10
74 , 0.21429 , 10
75 , 7.8965 , 10
76 , 1.96176 , 10
77 , 1.15085 , 10
78 , 0.847756 , 10
79 , 0.67318 , 10
80 , 0.562409 , 10
81 , 0.485142 , 10
82 , 0.427736 , 10
83 , 0.383148 , 10
84 , 0.347327 , 10
85 , 0.322951 , 10
86 , 0.297601 , 10
87 , 0.275934 , 10
88 , 0.257143 , 10
89 , 0.240659 , 10
90 , 5.00975 , 10
91 , 3.56725 , 10
92 , 1.68291 , 10
93 , 1.15772 , 10
94 , 0.886137 , 10
95 , 0.723195 , 10
96 , 0.613446 , 10
97 , 0.543076 , 10
98 , 0.480983 , 10
99 , 0.431846 , 10
100 , 0.398759 , 10
101 , 0.364642 , 10
102 , 0.341728 , 10
103 , 0.316242 , 10
104 , 0.294029 , 10
105 , 0.780078 , 10
106 , 6.6631 , 10
107 , 1.88392 , 10
108 , 1.18736 , 10
109 , 0.887613 , 10
110 , 0.730368 , 10
111 , 0.616088 , 10
112 , 0.544698 , 10
113 , 0.481657 , 10
114 , 0.44028 , 10
115 , 0.398964 , 10
116 , 0.371659 , 10
117 , 0.341784 , 10
118 , 0.322255 , 10
119 , 0.299255 , 10
120 , 0.284508 , 10
121 , 6.1131 , 10
122 , 2.00652 , 10
123 , 1.13018 , 10
124 , 0.830423 , 10
125 , 0.659625 , 10
126 , 0.563568 , 10
127 , 0.487102 , 10
128 , 0.439067 , 10
129 , 0.39356 , 10
130 , 0.364233 , 10
131 , 0.332949 , 10
132 , 0.3129 , 10
133 , 0.295589 , 10
134 , 0.27462 , 10
135 , 0.261591 , 10
136 , 2.73063 , 10
137 , 2.51104 , 10
138 , 1.13755 , 10
139 , 0.789603 , 10
140 , 0.623484 , 10
141 , 0.514008 , 10
142 , 0.45001 , 10
143 , 0.395039 , 10
144 , 0.36069 , 10
145 , 0.333337 , 10
146 , 0.304119 , 10
147 , 0.285842 , 10
148 , 0.270162 , 10
149 , 0.250827 , 10
150 , 0.239147 , 10
151 , 0.228709 , 10
152 , 5.55439 , 10
153 , 1.15076 , 10
154 , 0.734789 , 10
155 , 0.551402 , 10
156 , 0.459369 , 10
157 , 0.391026 , 10
158 , 0.35046 , 10
159 , 0.319946 , 10
160 , 0.295955 , 10
161 , 0.270071 , 10
162 , 0.254295 , 10
163 , 0.24079 , 10
164 , 0.223664 , 10
165 , 0.213618 , 10
166 , 0.204618 , 10
167 , 2.64173 , 10
168 , 1.21377 , 10
169 , 0.673982 , 10
170 , 0.487146 , 10
171 , 0.401493 , 10
172 , 0.349183 , 10
173 , 0.313552 , 10
174 , 0.280502 , 10
175 , 0.260949 , 10
176 , 0.245114 , 10
177 , 0.226178 , 10
178 , 0.215191 , 10
179 , 0.205529 , 10
180 , 0.196882 , 10
181 , 0.18433 , 10
182 , 0.82023 , 10
183 , 1.95481 , 10
184 , 0.726956 , 10
185 , 0.480825 , 10
186 , 0.382292 , 10
187 , 0.326733 , 10
188 , 0.283389 , 10
189 , 0.258654 , 10
190 , 0.239798 , 10
191 , 0.224702 , 10
192 , 0.20668 , 10
193 , 0.196339 , 10
194 , 0.187278 , 10
195 , 0.179199 , 10
196 , 0.171903 , 10
197 , 0.160903 , 10
198 , 2.90678 , 10
199 , 0.912728 , 10
200 , 0.542691 , 10
201 , 0.397327 , 10
202 , 0.328472 , 10
203 , 0.285117 , 10
204 , 0.254915 , 10
205 , 0.226213 , 10
206 , 0.209271 , 10
207 , 0.195506 , 10
208 , 0.184019 , 10
209 , 0.174228 , 10
210 , 0.161226 , 10
211 , 0.154071 , 10
212 , 0.147711 , 10
213 , 1.2358 , 10
214 , 1.32581 , 10
215 , 0.596313 , 10
216 , 0.420516 , 10
217 , 0.336836 , 10
218 , 0.287125 , 10
219 , 0.253786 , 10
220 , 0.223266 , 10
221 , 0.20555 , 10
222 , 0.191442 , 10
223 , 0.179891 , 10
224 , 0.170213 , 10
225 , 0.157354 , 10
226 , 0.150505 , 10
227 , 0.144498 , 10
228 , 0.139172 , 10
229 , 3.24306 , 10
230 , 0.732616 , 10
231 , 0.46924 , 10
232 , 0.362003 , 10
233 , 0.302671 , 10
234 , 0.264528 , 10
235 , 0.23079 , 10
236 , 0.211509 , 10
237 , 0.196398 , 10
238 , 0.18417 , 10
239 , 0.174028 , 10
240 , 0.165444 , 10
241 , 0.153359 , 10
242 , 0.1472 , 10
243 , 0.141761 , 10
244 , 1.63619 , 10
245 , 0.961294 , 10
246 , 0.517335 , 10
247 , 0.369355 , 10
248 , 0.303279 , 10
249 , 0.26268 , 10
250 , 0.234839 , 10
251 , 0.214336 , 10
252 , 0.198471 , 10
253 , 0.180057 , 10
254 , 0.169995 , 10
255 , 0.161483 , 10
256 , 0.154157 , 10
257 , 0.147763 , 10
258 , 0.142113 , 10
259 , 0.443844 , 10
260 , 0.824905 , 10
261 , 1.96677 , 10
262 , 0.950683 , 10
263 , 0.709447 , 10
264 , 0.589902 , 10
265 , 2.03127 , 10
266 , 1.28822 , 10
267 , 0.800148 , 10
268 , 0.634635 , 10
269 , 0.548413 , 10
270 , 3.04735 , 10
271 , 0.893827 , 10
272 , 0.661785 , 10
273 , 0.554439 , 10
274 , 2.01671 , 10
275 , 1.03308 , 10
276 , 0.699264 , 10
277 , 0.571334 , 10
278 , 1.57383 , 10
279 , 1.23378 , 10
280 , 0.764347 , 10
281 , 0.603532 , 10
282 , 1.4524 , 10
283 , 1.29175 , 10
284 , 0.75017 , 10
285 , 0.58596 , 10
286 , 1.58111 , 10
287 , 1.15685 , 10
288 , 0.701825 , 10
289 , 0.556315 , 10
290 , 1.86663 , 10
291 , 0.951266 , 10
292 , 0.637068 , 10
293 , 0.51864 , 10
294 , 2.31155 , 10
295 , 0.76341 , 10
296 , 0.562303 , 10
297 , 1.06884 , 10
298 , 1.19045 , 10
299 , 0.652215 , 10
300 , 0.511195 , 10
301 , 2.00508 , 10
302 , 0.800316 , 10
303 , 0.560661 , 10
304 , 1.07626 , 10
305 , 1.04164 , 10
306 , 0.60881 , 10
307 , 0.484277 , 10
308 , 2.09827 , 10
309 , 0.653266 , 10
310 , 0.496321 , 10
311 , 1.62696 , 10
312 , 0.697526 , 10
313 , 0.505068 , 10
314 , 1.40686 , 10
315 , 0.792418 , 10
316 , 0.557039 , 10
317 , 1.23926 , 10
318 , 1.0245 , 10
319 , 0.583092 , 10
320 , 1.06027 , 10
321 , 1.09929 , 10
322 , 0.602877 , 10
323 , 0.954663 , 10
324 , 1.06379 , 10
325 , 0.61816 , 10
326 , 0.983616 , 10
327 , 0.948639 , 10
328 , 0.562917 , 10
329 , 1.07534 , 10
330 , 0.800486 , 10
331 , 0.488496 , 10
332 , 1.13992 , 10
333 , 0.627472 , 10
334 , 0.428705 , 10
335 , 1.23324 , 10
336 , 0.532911 , 10
337 , 0.444724 , 10
338 , 1.10854 , 10
339 , 0.503285 , 10
340 , 0.878246 , 10
341 , 0.765297 , 10
342 , 0.552006 , 10
343 , 1.47085 , 10
344 , 0.647028 , 10
345 , 0.619202 , 10
346 , 1.01767 , 10
347 , 0.487668 , 10
348 , 1.1068 , 10
349 , 0.622079 , 10
350 , 0.512332 , 10
351 , 1.12098 , 10
352 , 0.512951 , 10
353 , 1.24493 , 10
354 , 0.65175 , 10
355 , 0.807983 , 10
356 , 1.06257 , 10
357 , 0.553101 , 10
358 , 2.16377 , 10
359 , 0.701012 , 10
360 , 1.25917 , 10
361 , 0.759768 , 10
362 , 0.78308 , 10
363 , 0.928519 , 10
364 , 0.494318 , 10
365 , 1.79086 , 10
366 , 0.53656 , 10
367 , 1.44172 , 10
368 , 0.623447 , 10
369 , 1.18458 , 10
370 , 0.651747 , 10
371 , 0.953663 , 10
372 , 0.655282 , 10
373 , 0.878004 , 10
374 , 0.698312 , 10
375 , 0.906864 , 10
376 , 0.790925 , 10
377 , 0.920328 , 10
378 , 0.792025 , 10
379 , 0.122915 , 10
380 , 4.02402 , 10
381 , 1.27911 , 10
382 , 0.11781 , 10
383 , 0.0861934 , 10
384 , 0.189304 , 10
385 , 0.230385 , 10
386 , 0.120619 , 10
387 , 0.091051 , 10
388 , 0.232247 , 10
389 , 0.110605 , 10
390 , 0.0810143 , 10
391 , 0.10913 , 10
392 , 0.121687 , 10
393 , 0.0738681 , 10
394 , 0.0603362 , 10
395 , 0.20963 , 10
396 , 0.0764627 , 10
397 , 0.058153 , 10
398 , 0.152277 , 10
399 , 0.0784425 , 10
400 , 0.0556209 , 10
401 , 0.105793 , 10
402 , 0.0743223 , 10
403 , 0.0507896 , 10
404 , 0.0994419 , 10
405 , 0.0804907 , 10
406 , 0.05081 , 10
407 , 0.00438551 , 10
408 , 0.368276 , 10
409 , 0.304274 , 10
410 , 0.386232 , 10
411 , 0.425711 , 10
412 , 0.861642 , 10
413 , 0.517572 , 10
414 , 0.39413 , 10
415 , 0.352345 , 10
416 , 0.414151 , 10
417 , 0.518503 , 10
418 , 0.326389 , 10
419 , 9.78414 , 10
420 , 6.85515 , 10
421 , 0.144967 , 10
422 , 0.0805414 , 10
423 , 0.104494 , 10
424 , 0.000550931 , 10
425 , 1.07732e-09 , 10
